格	x	z	r	T	J重构	厚	保温mm	L	proxy	区(0盘1舌)	前12	裕度
120	-96.583	-29	100.843	506.961	8.40645	2.03	10.4	3.417	4.759E-8	1	0	16.78481
121	-96.583	-27	100.286	506.962	8.4066	2.03	10.4	3.417	4.7592E-8	1	0	16.78453
122	-96.583	-25	99.766	506.965	8.40687	2.03	10.4	3.417	4.7595E-8	1	0	16.78399
123	-96.583	-23	99.284	506.968	8.40727	2.03	10.4	3.417	4.76E-8	1	0	16.78321
124	-96.583	-21	98.839	506.973	8.40778	2.03	10.4	3.417	4.7605E-8	1	0	16.78222
125	-96.583	-19	98.434	506.979	8.40837	2.03	10.4	3.417	4.7612E-8	1	0	16.78107
126	-96.583	-17	98.068	506.985	8.40901	2.03	10.4	3.417	4.7619E-8	1	0	16.7798
127	-96.583	-15	97.741	506.991	8.40969	2.03	10.4	3.417	4.7626E-8	1	0	16.77848
128	-96.583	-13	97.454	506.998	8.41037	2.03	10.4	3.417	4.7634E-8	1	0	16.77716
129	-96.583	-11	97.207	507.004	8.41101	2.03	10.4	3.417	4.7641E-8	1	0	16.77589
130	-96.583	-9	97.001	507.009	8.4116	2.03	10.4	3.417	4.7648E-8	1	0	16.77474
131	-96.583	-7	96.836	507.014	8.41211	2.03	10.4	3.417	4.7654E-8	1	0	16.77375
132	-96.583	-5	96.712	507.018	8.41251	2.03	10.4	3.417	4.7658E-8	1	0	16.77297
133	-96.583	-3	96.629	507.02	8.41278	2.03	10.4	3.417	4.7661E-8	1	0	16.77243
134	-96.583	-1	96.588	507.022	8.41293	2.03	10.4	3.417	4.7663E-8	1	0	16.77215
135	-96.583	1	96.588	507.022	8.41293	2.03	10.4	3.417	4.7663E-8	1	0	16.77215
136	-96.583	3	96.629	507.02	8.41278	2.03	10.4	3.417	4.7661E-8	1	0	16.77243
137	-96.583	5	96.712	507.018	8.41251	2.03	10.4	3.417	4.7658E-8	1	0	16.77297
138	-96.583	7	96.836	507.014	8.41211	2.03	10.4	3.417	4.7654E-8	1	0	16.77375
139	-96.583	9	97.001	507.009	8.4116	2.03	10.4	3.417	4.7648E-8	1	0	16.77474
140	-96.583	11	97.207	507.004	8.41101	2.03	10.4	3.417	4.7641E-8	1	0	16.77589
141	-96.583	13	97.454	506.998	8.41037	2.03	10.4	3.417	4.7634E-8	1	0	16.77716
142	-96.583	15	97.741	506.991	8.40969	2.03	10.4	3.417	4.7626E-8	1	0	16.77848
143	-96.583	17	98.068	506.985	8.40901	2.03	10.4	3.417	4.7619E-8	1	0	16.7798
144	-96.583	19	98.434	506.979	8.40837	2.03	10.4	3.417	4.7612E-8	1	0	16.78107
145	-96.583	21	98.839	506.973	8.40778	2.03	10.4	3.417	4.7605E-8	1	0	16.78222
146	-96.583	23	99.284	506.968	8.40727	2.03	10.4	3.417	4.76E-8	1	0	16.78321
147	-96.583	25	99.766	506.965	8.40687	2.03	10.4	3.417	4.7595E-8	1	0	16.78399
148	-96.583	27	100.286	506.962	8.4066	2.03	10.4	3.417	4.7592E-8	1	0	16.78453
149	-96.583	29	100.843	506.961	8.40645	2.03	10.4	3.417	4.759E-8	1	0	16.78481
150	-88.339	-29	92.977	630.055	8.40401	2.03	10.4	11.661	4.5533E-8	1	0	5.13392
151	-88.339	-27	92.373	630.059	8.40426	2.03	10.4	11.661	4.5536E-8	1	0	5.13377
152	-88.339	-25	91.808	630.069	8.40474	2.03	10.4	11.661	4.5541E-8	1	0	5.13349
153	-88.339	-23	91.284	630.082	8.40544	2.03	10.4	11.661	4.5548E-8	1	0	5.13308
154	-88.339	-21	90.801	630.099	8.40633	2.03	10.4	11.661	4.5558E-8	1	0	5.13256
155	-88.339	-19	90.359	630.119	8.40736	2.03	10.4	11.661	4.5568E-8	1	0	5.13196
156	-88.339	-17	89.96	630.141	8.4085	2.03	10.4	11.661	4.558E-8	1	0	5.13129
157	-88.339	-15	89.603	630.164	8.40969	2.03	10.4	11.661	4.5593E-8	1	0	5.1306
158	-88.339	-13	89.29	630.187	8.41088	2.03	10.4	11.661	4.5605E-8	1	0	5.1299
159	-88.339	-11	89.021	630.208	8.41201	2.03	10.4	11.661	4.5617E-8	1	0	5.12924
160	-88.339	-9	88.796	630.228	8.41305	2.03	10.4	11.661	4.5628E-8	1	0	5.12864
161	-88.339	-7	88.616	630.245	8.41394	2.03	10.4	11.661	4.5638E-8	1	0	5.12812
162	-88.339	-5	88.48	630.259	8.41464	2.03	10.4	11.661	4.5645E-8	1	0	5.12771
163	-88.339	-3	88.39	630.268	8.41513	2.03	10.4	11.661	4.565E-8	1	0	5.12742
164	-88.339	-1	88.345	630.273	8.41538	2.03	10.4	11.661	4.5653E-8	1	0	5.12728
165	-88.339	1	88.345	630.273	8.41538	2.03	10.4	11.661	4.5653E-8	1	0	5.12728
166	-88.339	3	88.39	630.268	8.41513	2.03	10.4	11.661	4.565E-8	1	0	5.12742
167	-88.339	5	88.48	630.259	8.41464	2.03	10.4	11.661	4.5645E-8	1	0	5.12771
168	-88.339	7	88.616	630.245	8.41394	2.03	10.4	11.661	4.5638E-8	1	0	5.12812
169	-88.339	9	88.796	630.228	8.41305	2.03	10.4	11.661	4.5628E-8	1	0	5.12864
170	-88.339	11	89.021	630.208	8.41201	2.03	10.4	11.661	4.5617E-8	1	0	5.12924
171	-88.339	13	89.29	630.187	8.41088	2.03	10.4	11.661	4.5605E-8	1	0	5.1299
172	-88.339	15	89.603	630.164	8.40969	2.03	10.4	11.661	4.5593E-8	1	0	5.1306
173	-88.339	17	89.96	630.141	8.4085	2.03	10.4	11.661	4.558E-8	1	0	5.13129
174	-88.339	19	90.359	630.119	8.40736	2.03	10.4	11.661	4.5568E-8	1	0	5.13196
175	-88.339	21	90.801	630.099	8.40633	2.03	10.4	11.661	4.5558E-8	1	0	5.13256
176	-88.339	23	91.284	630.082	8.40544	2.03	10.4	11.661	4.5548E-8	1	0	5.13308
177	-88.339	25	91.808	630.069	8.40474	2.03	10.4	11.661	4.5541E-8	1	0	5.13349
178	-88.339	27	92.373	630.059	8.40426	2.03	10.4	11.661	4.5536E-8	1	0	5.13377
179	-88.339	29	92.977	630.055	8.40401	2.03	10.4	11.661	4.5533E-8	1	0	5.13392
180	-79.799	-29	84.905	740.637	8.39764	2.03	10.4	20.201	4.3644E-8	1	0	3.14608
181	-79.799	-27	84.243	740.648	8.39817	2.03	10.4	20.201	4.3649E-8	1	0	3.1459
182	-79.799	-25	83.624	740.67	8.3992	2.03	10.4	20.201	4.3659E-8	1	0	3.14553
183	-79.799	-23	83.048	740.701	8.40068	2.03	10.4	20.201	4.3674E-8	1	0	3.14501
184	-79.799	-21	82.516	740.742	8.40256	2.03	10.4	20.201	4.3693E-8	1	0	3.14434
185	-79.799	-19	82.03	740.788	8.40476	2.03	10.4	20.201	4.3715E-8	1	0	3.14357
186	-79.799	-17	81.59	740.84	8.40716	2.03	10.4	20.201	4.3739E-8	1	0	3.14271
187	-79.799	-15	81.197	740.893	8.40969	2.03	10.4	20.201	4.3765E-8	1	0	3.14182
188	-79.799	-13	80.851	740.947	8.41221	2.03	10.4	20.201	4.379E-8	1	0	3.14093
189	-79.799	-11	80.554	740.998	8.41462	2.03	10.4	20.201	4.3814E-8	1	0	3.14008
190	-79.799	-9	80.305	741.045	8.41682	2.03	10.4	20.201	4.3837E-8	1	0	3.13931
191	-79.799	-7	80.106	741.085	8.41871	2.03	10.4	20.201	4.3856E-8	1	0	3.13864
192	-79.799	-5	79.956	741.117	8.4202	2.03	10.4	20.201	4.3871E-8	1	0	3.13812
193	-79.799	-3	79.856	741.139	8.42123	2.03	10.4	20.201	4.3881E-8	1	0	3.13775
194	-79.799	-1	79.805	741.15	8.42176	2.03	10.4	20.201	4.3886E-8	1	0	3.13756
195	-79.799	1	79.805	741.15	8.42176	2.03	10.4	20.201	4.3886E-8	1	0	3.13756
196	-79.799	3	79.856	741.139	8.42123	2.03	10.4	20.201	4.3881E-8	1	0	3.13775
197	-79.799	5	79.956	741.117	8.4202	2.03	10.4	20.201	4.3871E-8	1	0	3.13812
198	-79.799	7	80.106	741.085	8.41871	2.03	10.4	20.201	4.3856E-8	1	0	3.13864
199	-79.799	9	80.305	741.045	8.41682	2.03	10.4	20.201	4.3837E-8	1	0	3.13931
200	-79.799	11	80.554	740.998	8.41462	2.03	10.4	20.201	4.3814E-8	1	0	3.14008
201	-79.799	13	80.851	740.947	8.41221	2.03	10.4	20.201	4.379E-8	1	0	3.14093
202	-79.799	15	81.197	740.893	8.40969	2.03	10.4	20.201	4.3765E-8	1	0	3.14182
203	-79.799	17	81.59	740.84	8.40716	2.03	10.4	20.201	4.3739E-8	1	0	3.14271
204	-79.799	19	82.03	740.788	8.40476	2.03	10.4	20.201	4.3715E-8	1	0	3.14357
205	-79.799	21	82.516	740.742	8.40256	2.03	10.4	20.201	4.3693E-8	1	0	3.14434
206	-79.799	23	83.048	740.701	8.40068	2.03	10.4	20.201	4.3674E-8	1	0	3.14501
207	-79.799	25	83.624	740.67	8.3992	2.03	10.4	20.201	4.3659E-8	1	0	3.14553
208	-79.799	27	84.243	740.648	8.39817	2.03	10.4	20.201	4.3649E-8	1	0	3.1459
209	-79.799	29	84.905	740.637	8.39764	2.03	10.4	20.201	4.3644E-8	1	0	3.14608
210	-73.23	-29	78.763	813.454	8.38672	2.03	10.4	26.77	4.2335E-8	1	0	2.51387
211	-73.23	-27	78.049	813.474	8.38772	2.03	10.4	26.77	4.2344E-8	1	0	2.51358
212	-73.23	-25	77.38	813.513	8.38968	2.03	10.4	26.77	4.2364E-8	1	0	2.51303
213	-73.23	-23	76.757	813.57	8.39251	2.03	10.4	26.77	4.2391E-8	1	0	2.51223
214	-73.23	-21	76.182	813.642	8.3961	2.03	10.4	26.77	4.2426E-8	1	0	2.51122
215	-73.23	-19	75.655	813.726	8.40028	2.03	10.4	26.77	4.2467E-8	1	0	2.51004
216	-73.23	-17	75.177	813.818	8.40487	2.03	10.4	26.77	4.2512E-8	1	0	2.50875
217	-73.23	-15	74.751	813.914	8.40968	2.03	10.4	26.77	4.2559E-8	1	0	2.5074
218	-73.23	-13	74.375	814.01	8.41449	2.03	10.4	26.77	4.2606E-8	1	0	2.50605
219	-73.23	-11	74.052	814.103	8.4191	2.03	10.4	26.77	4.2651E-8	1	0	2.50475
220	-73.23	-9	73.781	814.187	8.42329	2.03	10.4	26.77	4.2693E-8	1	0	2.50358
221	-73.23	-7	73.564	814.259	8.4269	2.03	10.4	26.77	4.2728E-8	1	0	2.50257
222	-73.23	-5	73.401	814.316	8.42975	2.03	10.4	26.77	4.2756E-8	1	0	2.50177
223	-73.23	-3	73.292	814.355	8.43173	2.03	10.4	26.77	4.2775E-8	1	0	2.50122
224	-73.23	-1	73.237	814.375	8.43273	2.03	10.4	26.77	4.2785E-8	1	0	2.50094
225	-73.23	1	73.237	814.375	8.43273	2.03	10.4	26.77	4.2785E-8	1	0	2.50094
226	-73.23	3	73.292	814.355	8.43173	2.03	10.4	26.77	4.2775E-8	1	0	2.50122
227	-73.23	5	73.401	814.316	8.42975	2.03	10.4	26.77	4.2756E-8	1	0	2.50177
228	-73.23	7	73.564	814.259	8.4269	2.03	10.4	26.77	4.2728E-8	1	0	2.50257
229	-73.23	9	73.781	814.187	8.42329	2.03	10.4	26.77	4.2693E-8	1	0	2.50358
230	-73.23	11	74.052	814.103	8.4191	2.03	10.4	26.77	4.2651E-8	1	0	2.50475
231	-73.23	13	74.375	814.01	8.41449	2.03	10.4	26.77	4.2606E-8	1	0	2.50605
232	-73.23	15	74.751	813.914	8.40968	2.03	10.4	26.77	4.2559E-8	1	0	2.5074
233	-73.23	17	75.177	813.818	8.40487	2.03	10.4	26.77	4.2512E-8	1	0	2.50875
234	-73.23	19	75.655	813.726	8.40028	2.03	10.4	26.77	4.2467E-8	1	0	2.51004
235	-73.23	21	76.182	813.642	8.3961	2.03	10.4	26.77	4.2426E-8	1	0	2.51122
236	-73.23	23	76.757	813.57	8.39251	2.03	10.4	26.77	4.2391E-8	1	0	2.51223
237	-73.23	25	77.38	813.513	8.38968	2.03	10.4	26.77	4.2364E-8	1	0	2.51303
238	-73.23	27	78.049	813.474	8.38772	2.03	10.4	26.77	4.2344E-8	1	0	2.51358
239	-73.23	29	78.763	813.454	8.38672	2.03	10.4	26.77	4.2335E-8	1	0	2.51387
240	-68.177	-29	74.088	862.332	8.37142	2.03	10.4	31.823	4.1381E-8	1	0	2.22336
241	-68.177	-27	73.329	862.362	8.37308	2.03	10.4	31.823	4.1397E-8	1	0	2.22295
242	-68.177	-25	72.616	862.423	8.37634	2.03	10.4	31.823	4.1428E-8	1	0	2.22213
243	-68.177	-23	71.952	862.51	8.38106	2.03	10.4	31.823	4.1473E-8	1	0	2.22095
244	-68.177	-21	71.338	862.62	8.38703	2.03	10.4	31.823	4.153E-8	1	0	2.21946
245	-68.177	-19	70.775	862.749	8.394	2.03	10.4	31.823	4.1597E-8	1	0	2.21773
246	-68.177	-17	70.265	862.89	8.40165	2.03	10.4	31.823	4.1671E-8	1	0	2.21582
247	-68.177	-15	69.808	863.038	8.40967	2.03	10.4	31.823	4.1748E-8	1	0	2.21383
248	-68.177	-13	69.405	863.186	8.4177	2.03	10.4	31.823	4.1825E-8	1	0	2.21184
249	-68.177	-11	69.059	863.328	8.42539	2.03	10.4	31.823	4.1899E-8	1	0	2.20994
250	-68.177	-9	68.768	863.457	8.4324	2.03	10.4	31.823	4.1967E-8	1	0	2.20821
251	-68.177	-7	68.535	863.568	8.43842	2.03	10.4	31.823	4.2025E-8	1	0	2.20673
252	-68.177	-5	68.36	863.656	8.44318	2.03	10.4	31.823	4.2071E-8	1	0	2.20555
253	-68.177	-3	68.243	863.717	8.44648	2.03	10.4	31.823	4.2103E-8	1	0	2.20474
254	-68.177	-1	68.184	863.748	8.44817	2.03	10.4	31.823	4.2119E-8	1	0	2.20432
255	-68.177	1	68.184	863.748	8.44817	2.03	10.4	31.823	4.2119E-8	1	0	2.20432
256	-68.177	3	68.243	863.717	8.44648	2.03	10.4	31.823	4.2103E-8	1	0	2.20474
257	-68.177	5	68.36	863.656	8.44318	2.03	10.4	31.823	4.2071E-8	1	0	2.20555
258	-68.177	7	68.535	863.568	8.43842	2.03	10.4	31.823	4.2025E-8	1	0	2.20673
259	-68.177	9	68.768	863.457	8.4324	2.03	10.4	31.823	4.1967E-8	1	0	2.20821
260	-68.177	11	69.059	863.328	8.42539	2.03	10.4	31.823	4.1899E-8	1	0	2.20994
261	-68.177	13	69.405	863.186	8.4177	2.03	10.4	31.823	4.1825E-8	1	0	2.21184
262	-68.177	15	69.808	863.038	8.40967	2.03	10.4	31.823	4.1748E-8	1	0	2.21383
263	-68.177	17	70.265	862.89	8.40165	2.03	10.4	31.823	4.1671E-8	1	0	2.21582
264	-68.177	19	70.775	862.749	8.394	2.03	10.4	31.823	4.1597E-8	1	0	2.21773
265	-68.177	21	71.338	862.62	8.38703	2.03	10.4	31.823	4.153E-8	1	0	2.21946
266	-68.177	23	71.952	862.51	8.38106	2.03	10.4	31.823	4.1473E-8	1	0	2.22095
267	-68.177	25	72.616	862.423	8.37634	2.03	10.4	31.823	4.1428E-8	1	0	2.22213
268	-68.177	27	73.329	862.362	8.37308	2.03	10.4	31.823	4.1397E-8	1	0	2.22295
269	-68.177	29	74.088	862.332	8.37142	2.03	10.4	31.823	4.1381E-8	1	0	2.22336
270	-64.29	-29	70.528	895.76	8.35273	2.03	10.4	35.71	4.0652E-8	1	0	2.06581
271	-64.29	-27	69.73	895.803	8.35521	2.03	10.4	35.71	4.0675E-8	1	0	2.06524
272	-64.29	-25	68.98	895.886	8.36006	2.03	10.4	35.71	4.0721E-8	1	0	2.06411
273	-64.29	-23	68.28	896.006	8.36707	2.03	10.4	35.71	4.0787E-8	1	0	2.06247
274	-64.29	-21	67.633	896.158	8.37595	2.03	10.4	35.71	4.0871E-8	1	0	2.06041
275	-64.29	-19	67.039	896.335	8.38632	2.03	10.4	35.71	4.097E-8	1	0	2.05801
276	-64.29	-17	66.5	896.53	8.39772	2.03	10.4	35.71	4.1078E-8	1	0	2.05537
277	-64.29	-15	66.017	896.734	8.40966	2.03	10.4	35.71	4.1192E-8	1	0	2.05262
278	-64.29	-13	65.591	896.938	8.42163	2.03	10.4	35.71	4.1306E-8	1	0	2.04987
279	-64.29	-11	65.224	897.133	8.43309	2.03	10.4	35.71	4.1415E-8	1	0	2.04724
280	-64.29	-9	64.917	897.311	8.44354	2.03	10.4	35.71	4.1515E-8	1	0	2.04485
281	-64.29	-7	64.67	897.464	8.45253	2.03	10.4	35.71	4.16E-8	1	0	2.0428
282	-64.29	-5	64.484	897.585	8.45964	2.03	10.4	35.71	4.1668E-8	1	0	2.04117
283	-64.29	-3	64.36	897.669	8.46457	2.03	10.4	35.71	4.1716E-8	1	0	2.04005
284	-64.29	-1	64.298	897.712	8.46709	2.03	10.4	35.71	4.174E-8	1	0	2.03948
285	-64.29	1	64.298	897.712	8.46709	2.03	10.4	35.71	4.174E-8	1	0	2.03948
286	-64.29	3	64.36	897.669	8.46457	2.03	10.4	35.71	4.1716E-8	1	0	2.04005
287	-64.29	5	64.484	897.585	8.45964	2.03	10.4	35.71	4.1668E-8	1	0	2.04117
288	-64.29	7	64.67	897.464	8.45253	2.03	10.4	35.71	4.16E-8	1	0	2.0428
289	-64.29	9	64.917	897.311	8.44354	2.03	10.4	35.71	4.1515E-8	1	0	2.04485
290	-64.29	11	65.224	897.133	8.43309	2.03	10.4	35.71	4.1415E-8	1	0	2.04724
291	-64.29	13	65.591	896.938	8.42163	2.03	10.4	35.71	4.1306E-8	1	0	2.04987
292	-64.29	15	66.017	896.734	8.40966	2.03	10.4	35.71	4.1192E-8	1	0	2.05262
293	-64.29	17	66.5	896.53	8.39772	2.03	10.4	35.71	4.1078E-8	1	0	2.05537
294	-64.29	19	67.039	896.335	8.38632	2.03	10.4	35.71	4.097E-8	1	0	2.05801
295	-64.29	21	67.633	896.158	8.37595	2.03	10.4	35.71	4.0871E-8	1	0	2.06041
296	-64.29	23	68.28	896.006	8.36707	2.03	10.4	35.71	4.0787E-8	1	0	2.06247
297	-64.29	25	68.98	895.886	8.36006	2.03	10.4	35.71	4.0721E-8	1	0	2.06411
298	-64.29	27	69.73	895.803	8.35521	2.03	10.4	35.71	4.0675E-8	1	0	2.06524
299	-64.29	29	70.528	895.76	8.35273	2.03	10.4	35.71	4.0652E-8	1	0	2.06581
300	-61.3	-29	67.814	919.031	8.33222	2.03	10.4	38.7	4.0075E-8	1	0	1.97184
301	-61.3	-27	66.983	919.085	8.33557	2.03	10.4	38.7	4.0107E-8	1	0	1.97109
302	-61.3	-25	66.202	919.191	8.34216	2.03	10.4	38.7	4.0168E-8	1	0	1.96962
303	-61.3	-23	65.473	919.343	8.3517	2.03	10.4	38.7	4.0258E-8	1	0	1.96749
304	-61.3	-21	64.797	919.536	8.36377	2.03	10.4	38.7	4.0371E-8	1	0	1.96481
305	-61.3	-19	64.177	919.761	8.37787	2.03	10.4	38.377	4.0503E-8	1	0	1.97338
306	-61.3	-17	63.614	920.008	8.39338	2.03	10.4	37.814	4.065E-8	1	0	1.99084
307	-61.3	-15	63.109	920.268	8.40965	2.03	10.4	37.309	4.0803E-8	1	0	2.00652
308	-61.3	-13	62.663	920.527	8.42595	2.03	10.4	36.863	4.0957E-8	1	0	2.02035
309	-61.3	-11	62.279	920.776	8.44157	2.03	10.4	36.479	4.1105E-8	1	0	2.03227
310	-61.3	-9	61.957	921.002	8.45583	2.03	10.4	36.157	4.124E-8	1	0	2.04225
311	-61.3	-7	61.698	921.197	8.46809	2.03	10.4	35.898	4.1356E-8	1	0	2.05026
312	-61.3	-5	61.504	921.351	8.4778	2.03	10.4	35.704	4.1449E-8	1	0	2.05628
313	-61.3	-3	61.373	921.457	8.48453	2.03	10.4	35.573	4.1513E-8	1	0	2.0603
314	-61.3	-1	61.308	921.512	8.48797	2.03	10.4	35.508	4.1546E-8	1	0	2.06231
315	-61.3	1	61.308	921.512	8.48797	2.03	10.4	35.508	4.1546E-8	1	0	2.06231
316	-61.3	3	61.373	921.457	8.48453	2.03	10.4	35.573	4.1513E-8	1	0	2.0603
317	-61.3	5	61.504	921.351	8.4778	2.03	10.4	35.704	4.1449E-8	1	0	2.05628
318	-61.3	7	61.698	921.197	8.46809	2.03	10.4	35.898	4.1356E-8	1	0	2.05026
319	-61.3	9	61.957	921.002	8.45583	2.03	10.4	36.157	4.124E-8	1	0	2.04225
320	-61.3	11	62.279	920.776	8.44157	2.03	10.4	36.479	4.1105E-8	1	0	2.03227
321	-61.3	13	62.663	920.527	8.42595	2.03	10.4	36.863	4.0957E-8	1	0	2.02035
322	-61.3	15	63.109	920.268	8.40965	2.03	10.4	37.309	4.0803E-8	1	0	2.00652
323	-61.3	17	63.614	920.008	8.39338	2.03	10.4	37.814	4.065E-8	1	0	1.99084
324	-61.3	19	64.177	919.761	8.37787	2.03	10.4	38.377	4.0503E-8	1	0	1.97338
325	-61.3	21	64.797	919.536	8.36377	2.03	10.4	38.7	4.0371E-8	1	0	1.96481
326	-61.3	23	65.473	919.343	8.3517	2.03	10.4	38.7	4.0258E-8	1	0	1.96749
327	-61.3	25	66.202	919.191	8.34216	2.03	10.4	38.7	4.0168E-8	1	0	1.96962
328	-61.3	27	66.983	919.085	8.33557	2.03	10.4	38.7	4.0107E-8	1	0	1.97109
329	-61.3	29	67.814	919.031	8.33222	2.03	10.4	38.7	4.0075E-8	1	0	1.97184
330	-59	-29	65.742	935.496	8.31146	2.03	10.4	39.942	3.961E-8	1	0	1.94682
331	-59	-27	64.885	935.56	8.31571	2.03	10.4	39.085	3.965E-8	1	0	1.97547
332	-59	-25	64.078	935.686	8.32405	2.03	10.4	38.278	3.9727E-8	1	0	2.0028
333	-59	-23	63.325	935.869	8.33613	2.03	10.4	37.525	3.984E-8	1	0	2.02859
334	-59	-21	62.626	936.099	8.35143	2.03	10.4	36.826	3.9982E-8	1	0	2.05267
335	-59	-19	61.984	936.369	8.3693	2.03	10.4	36.184	4.0149E-8	1	0	2.0749
336	-59	-17	61.4	936.665	8.38899	2.03	10.4	35.6	4.0333E-8	1	0	2.09515
337	-59	-15	60.877	936.975	8.40963	2.03	10.4	35.077	4.0527E-8	1	0	2.11331
338	-59	-13	60.415	937.286	8.43033	2.03	10.4	34.615	4.0722E-8	1	0	2.12931
339	-59	-11	60.017	937.583	8.45019	2.03	10.4	34.217	4.0909E-8	1	0	2.14309
340	-59	-9	59.682	937.854	8.46832	2.03	10.4	33.882	4.108E-8	1	0	2.15462
341	-59	-7	59.414	938.088	8.48391	2.03	10.4	33.614	4.1227E-8	1	0	2.16387
342	-59	-5	59.211	938.272	8.49627	2.03	10.4	33.411	4.1344E-8	1	0	2.17081
343	-59	-3	59.076	938.4	8.50484	2.03	10.4	33.276	4.1426E-8	1	0	2.17544
344	-59	-1	59.008	938.466	8.50922	2.03	10.4	33.208	4.1467E-8	1	0	2.17776
345	-59	1	59.008	938.466	8.50922	2.03	10.4	33.208	4.1467E-8	1	0	2.17776
346	-59	3	59.076	938.4	8.50484	2.03	10.4	33.276	4.1426E-8	1	0	2.17544
347	-59	5	59.211	938.272	8.49627	2.03	10.4	33.411	4.1344E-8	1	0	2.17081
348	-59	7	59.414	938.088	8.48391	2.03	10.4	33.614	4.1227E-8	1	0	2.16387
349	-59	9	59.682	937.854	8.46832	2.03	10.4	33.882	4.108E-8	1	0	2.15462
350	-59	11	60.017	937.583	8.45019	2.03	10.4	34.217	4.0909E-8	1	0	2.14309
351	-59	13	60.415	937.286	8.43033	2.03	10.4	34.615	4.0722E-8	1	0	2.12931
352	-59	15	60.877	936.975	8.40963	2.03	10.4	35.077	4.0527E-8	1	0	2.11331
353	-59	17	61.4	936.665	8.38899	2.03	10.4	35.6	4.0333E-8	1	0	2.09515
354	-59	19	61.984	936.369	8.3693	2.03	10.4	36.184	4.0149E-8	1	0	2.0749
355	-59	21	62.626	936.099	8.35143	2.03	10.4	36.826	3.9982E-8	1	0	2.05267
356	-59	23	63.325	935.869	8.33613	2.03	10.4	37.525	3.984E-8	1	0	2.02859
357	-59	25	64.078	935.686	8.32405	2.03	10.4	38.278	3.9727E-8	1	0	2.0028
358	-59	27	64.885	935.56	8.31571	2.03	10.4	39.085	3.965E-8	1	0	1.97547
359	-59	29	65.742	935.496	8.31146	2.03	10.4	39.942	3.961E-8	1	0	1.94682
360	-57	-29	63.953	948.776	8.28864	2.03	10.4	38.153	3.918E-8	1	0	2.02685
361	-57	-27	63.071	948.85	8.29385	2.03	10.4	37.271	3.9228E-8	1	0	2.05965
362	-57	-25	62.241	948.997	8.30412	2.03	10.4	36.441	3.9323E-8	1	0	2.09093
363	-57	-23	61.465	949.208	8.31899	2.03	10.4	35.665	3.946E-8	1	0	2.12044
364	-57	-21	60.745	949.476	8.33783	2.03	10.4	34.945	3.9635E-8	1	0	2.14798
365	-57	-19	60.083	949.789	8.35985	2.03	10.4	34.283	3.984E-8	1	0	2.17338
366	-57	-17	59.481	950.133	8.38412	2.03	10.4	33.681	4.0066E-8	1	0	2.19648
367	-57	-15	58.941	950.493	8.40959	2.03	10.4	33.141	4.0303E-8	1	0	2.21719
368	-57	-13	58.464	950.855	8.43515	2.03	10.4	32.664	4.0543E-8	1	0	2.23542
369	-57	-11	58.052	951.201	8.45969	2.03	10.4	32.252	4.0773E-8	1	0	2.2511
370	-57	-9	57.706	951.516	8.4821	2.03	10.4	31.906	4.0984E-8	1	0	2.2642
371	-57	-7	57.428	951.787	8.50139	2.03	10.4	31.628	4.1166E-8	1	0	2.2747
372	-57	-5	57.219	952.002	8.51669	2.03	10.4	31.419	4.1311E-8	1	0	2.28258
373	-57	-3	57.079	952.151	8.52729	2.03	10.4	31.279	4.1411E-8	1	0	2.28784
374	-57	-1	57.009	952.227	8.53272	2.03	10.4	31.209	4.1463E-8	1	0	2.29047
375	-57	1	57.009	952.227	8.53272	2.03	10.4	31.209	4.1463E-8	1	0	2.29047
376	-57	3	57.079	952.151	8.52729	2.03	10.4	31.279	4.1411E-8	1	0	2.28784
377	-57	5	57.219	952.002	8.51669	2.03	10.4	31.419	4.1311E-8	1	0	2.28258
378	-57	7	57.428	951.787	8.50139	2.03	10.4	31.628	4.1166E-8	1	0	2.2747
379	-57	9	57.706	951.516	8.4821	2.03	10.4	31.906	4.0984E-8	1	0	2.2642
380	-57	11	58.052	951.201	8.45969	2.03	10.4	32.252	4.0773E-8	1	0	2.2511
381	-57	13	58.464	950.855	8.43515	2.03	10.4	32.664	4.0543E-8	1	0	2.23542
382	-57	15	58.941	950.493	8.40959	2.03	10.4	33.141	4.0303E-8	1	0	2.21719
383	-57	17	59.481	950.133	8.38412	2.03	10.4	33.681	4.0066E-8	1	0	2.19648
384	-57	19	60.083	949.789	8.35985	2.03	10.4	34.283	3.984E-8	1	0	2.17338
385	-57	21	60.745	949.476	8.33783	2.03	10.4	34.945	3.9635E-8	1	0	2.14798
386	-57	23	61.465	949.208	8.31899	2.03	10.4	35.665	3.946E-8	1	0	2.12044
387	-57	25	62.241	948.997	8.30412	2.03	10.4	36.441	3.9323E-8	1	0	2.09093
388	-57	27	63.071	948.85	8.29385	2.03	10.4	37.271	3.9228E-8	1	0	2.05965
389	-57	29	63.953	948.776	8.28864	2.03	10.4	38.153	3.918E-8	1	0	2.02685
390	-55	-29	62.177	961.13	8.26065	2.03	10.4	36.377	3.8719E-8	1	0	2.11488
391	-55	-27	61.27	961.216	8.26705	2.03	10.4	35.47	3.8778E-8	1	0	2.15261
392	-55	-25	60.415	961.386	8.27967	2.03	10.4	34.615	3.8893E-8	1	0	2.18858
393	-55	-23	59.615	961.631	8.29795	2.03	10.4	33.815	3.9061E-8	1	0	2.2225
394	-55	-21	58.873	961.941	8.32113	2.03	10.4	33.073	3.9275E-8	1	0	2.25413
395	-55	-19	58.189	962.303	8.34824	2.03	10.4	32.389	3.9525E-8	1	0	2.28328
396	-55	-17	57.567	962.701	8.37814	2.03	10.4	31.767	3.9802E-8	1	0	2.30977
397	-55	-15	57.009	963.119	8.40954	2.03	10.4	31.209	4.0094E-8	1	0	2.33349
398	-55	-13	56.515	963.537	8.44109	2.03	10.4	30.715	4.0389E-8	1	0	2.35435
399	-55	-11	56.089	963.939	8.47139	2.03	10.4	30.289	4.0673E-8	1	0	2.37228
400	-55	-9	55.731	964.305	8.49909	2.03	10.4	29.931	4.0933E-8	1	0	2.38724
401	-55	-7	55.444	964.619	8.52295	2.03	10.4	29.644	4.1158E-8	1	0	2.39923
402	-55	-5	55.227	964.868	8.54188	2.03	10.4	29.427	4.1336E-8	1	0	2.40821
403	-55	-3	55.082	965.041	8.555	2.03	10.4	29.282	4.1461E-8	1	0	2.41421
404	-55	-1	55.009	965.129	8.56172	2.03	10.4	29.209	4.1524E-8	1	0	2.4172
405	-55	1	55.009	965.129	8.56172	2.03	10.4	29.209	4.1524E-8	1	0	2.4172
406	-55	3	55.082	965.041	8.555	2.03	10.4	29.282	4.1461E-8	1	0	2.41421
407	-55	5	55.227	964.868	8.54188	2.03	10.4	29.427	4.1336E-8	1	0	2.40821
408	-55	7	55.444	964.619	8.52295	2.03	10.4	29.644	4.1158E-8	1	0	2.39923
409	-55	9	55.731	964.305	8.49909	2.03	10.4	29.931	4.0933E-8	1	0	2.38724
410	-55	11	56.089	963.939	8.47139	2.03	10.4	30.289	4.0673E-8	1	0	2.37228
411	-55	13	56.515	963.537	8.44109	2.03	10.4	30.715	4.0389E-8	1	0	2.35435
412	-55	15	57.009	963.119	8.40954	2.03	10.4	31.209	4.0094E-8	1	0	2.33349
413	-55	17	57.567	962.701	8.37814	2.03	10.4	31.767	3.9802E-8	1	0	2.30977
414	-55	19	58.189	962.303	8.34824	2.03	10.4	32.389	3.9525E-8	1	0	2.28328
415	-55	21	58.873	961.941	8.32113	2.03	10.4	33.073	3.9275E-8	1	0	2.25413
416	-55	23	59.615	961.631	8.29795	2.03	10.4	33.815	3.9061E-8	1	0	2.2225
417	-55	25	60.415	961.386	8.27967	2.03	10.4	34.615	3.8893E-8	1	0	2.18858
418	-55	27	61.27	961.216	8.26705	2.03	10.4	35.47	3.8778E-8	1	0	2.15261
419	-55	29	62.177	961.13	8.26065	2.03	10.4	36.377	3.8719E-8	1	0	2.11488
420	-53	-29	60.415	972.563	8.22634	2.03	10.4	34.615	3.8217E-8	1	0	2.21243
421	-53	-27	59.481	972.663	8.23418	2.03	10.4	33.681	3.8289E-8	1	0	2.25605
422	-53	-25	58.6	972.858	8.24967	2.03	10.4	32.8	3.843E-8	1	0	2.29761
423	-53	-23	57.775	973.141	8.27212	2.03	10.4	31.975	3.8635E-8	1	0	2.33679
424	-53	-21	57.009	973.498	8.30061	2.03	10.4	31.209	3.8896E-8	1	0	2.37332
425	-53	-19	56.303	973.916	8.33396	2.03	10.4	30.503	3.9202E-8	1	0	2.40694
426	-53	-17	55.66	974.376	8.37077	2.03	10.4	29.86	3.9541E-8	1	0	2.43747
427	-53	-15	55.082	974.858	8.40947	2.03	10.4	29.282	3.99E-8	1	0	2.46479
428	-53	-13	54.571	975.341	8.44839	2.03	10.4	28.771	4.0262E-8	1	0	2.48878
429	-53	-11	54.129	975.804	8.4858	2.03	10.4	28.329	4.0612E-8	1	0	2.50939
430	-53	-9	53.759	976.227	8.52004	2.03	10.4	27.959	4.0933E-8	1	0	2.52659
431	-53	-7	53.46	976.591	8.54956	2.03	10.4	27.66	4.1211E-8	1	0	2.54034
432	-53	-5	53.235	976.879	8.57299	2.03	10.4	27.435	4.1432E-8	1	0	2.55066
433	-53	-3	53.085	977.079	8.58924	2.03	10.4	27.285	4.1586E-8	1	0	2.55753
434	-53	-1	53.009	977.181	8.59757	2.03	10.4	27.209	4.1665E-8	1	0	2.56096
435	-53	1	53.009	977.181	8.59757	2.03	10.4	27.209	4.1665E-8	1	0	2.56096
436	-53	3	53.085	977.079	8.58924	2.03	10.4	27.285	4.1586E-8	1	0	2.55753
437	-53	5	53.235	976.879	8.57299	2.03	10.4	27.435	4.1432E-8	1	0	2.55066
438	-53	7	53.46	976.591	8.54956	2.03	10.4	27.66	4.1211E-8	1	0	2.54034
439	-53	9	53.759	976.227	8.52004	2.03	10.4	27.959	4.0933E-8	1	0	2.52659
440	-53	11	54.129	975.804	8.4858	2.03	10.4	28.329	4.0612E-8	1	0	2.50939
441	-53	13	54.571	975.341	8.44839	2.03	10.4	28.771	4.0262E-8	1	0	2.48878
442	-53	15	55.082	974.858	8.40947	2.03	10.4	29.282	3.99E-8	1	0	2.46479
443	-53	17	55.66	974.376	8.37077	2.03	10.4	29.86	3.9541E-8	1	0	2.43747
444	-53	19	56.303	973.916	8.33396	2.03	10.4	30.503	3.9202E-8	1	0	2.40694
445	-53	21	57.009	973.498	8.30061	2.03	10.4	31.209	3.8896E-8	1	0	2.37332
446	-53	23	57.775	973.141	8.27212	2.03	10.4	31.975	3.8635E-8	1	0	2.33679
447	-53	25	58.6	972.858	8.24967	2.03	10.4	32.8	3.843E-8	1	0	2.29761
448	-53	27	59.481	972.663	8.23418	2.03	10.4	33.681	3.8289E-8	1	0	2.25605
449	-53	29	60.415	972.563	8.22634	2.03	10.4	34.615	3.8217E-8	1	0	2.21243
450	-51	-29	58.669	983.081	8.18431	2.03	10.4	32.869	3.7663E-8	1	0	2.32137
451	-51	-27	57.706	983.195	8.1939	2.03	10.4	31.906	3.775E-8	1	0	2.37206
452	-51	-25	56.798	983.419	8.21289	2.03	10.4	30.998	3.7922E-8	1	0	2.42035
453	-51	-23	55.946	983.743	8.24043	2.03	10.4	30.146	3.8171E-8	1	0	2.46586
454	-51	-21	55.154	984.154	8.27541	2.03	10.4	29.354	3.8489E-8	1	0	2.50827
455	-51	-19	54.424	984.634	8.3164	2.03	10.4	28.624	3.8864E-8	1	0	2.54728
456	-51	-17	53.759	985.162	8.36169	2.03	10.4	27.959	3.928E-8	1	0	2.58269
457	-51	-15	53.16	985.716	8.40937	2.03	10.4	27.36	3.972E-8	1	0	2.61434
458	-51	-13	52.631	986.272	8.45737	2.03	10.4	26.831	4.0165E-8	1	0	2.64213
459	-51	-11	52.173	986.804	8.50357	2.03	10.4	26.373	4.0596E-8	1	0	2.66599
460	-51	-9	51.788	987.291	8.54591	2.03	10.4	25.988	4.0993E-8	1	0	2.68588
461	-51	-7	51.478	987.709	8.58243	2.03	10.4	25.678	4.1337E-8	1	0	2.70179
462	-51	-5	51.245	988.041	8.61145	2.03	10.4	25.445	4.1611E-8	1	0	2.71371
463	-51	-3	51.088	988.271	8.6316	2.03	10.4	25.288	4.1802E-8	1	0	2.72166
464	-51	-1	51.01	988.388	8.64192	2.03	10.4	25.21	4.19E-8	1	0	2.72563
465	-51	1	51.01	988.388	8.64192	2.03	10.4	25.21	4.19E-8	1	0	2.72563
466	-51	3	51.088	988.271	8.6316	2.03	10.4	25.288	4.1802E-8	1	0	2.72166
467	-51	5	51.245	988.041	8.61145	2.03	10.4	25.445	4.1611E-8	1	0	2.71371
468	-51	7	51.478	987.709	8.58243	2.03	10.4	25.678	4.1337E-8	1	0	2.70179
469	-51	9	51.788	987.291	8.54591	2.03	10.4	25.988	4.0993E-8	1	0	2.68588
470	-51	11	52.173	986.804	8.50357	2.03	10.4	26.373	4.0596E-8	1	0	2.66599
471	-51	13	52.631	986.272	8.45737	2.03	10.4	26.831	4.0165E-8	1	0	2.64213
472	-51	15	53.16	985.716	8.40937	2.03	10.4	27.36	3.972E-8	1	0	2.61434
473	-51	17	53.759	985.162	8.36169	2.03	10.4	27.959	3.928E-8	1	0	2.58269
474	-51	19	54.424	984.634	8.3164	2.03	10.4	28.624	3.8864E-8	1	0	2.54728
475	-51	21	55.154	984.154	8.27541	2.03	10.4	29.354	3.8489E-8	1	0	2.50827
476	-51	23	55.946	983.743	8.24043	2.03	10.4	30.146	3.8171E-8	1	0	2.46586
477	-51	25	56.798	983.419	8.21289	2.03	10.4	30.998	3.7922E-8	1	0	2.42035
478	-51	27	57.706	983.195	8.1939	2.03	10.4	31.906	3.775E-8	1	0	2.37206
479	-51	29	58.669	983.081	8.18431	2.03	10.4	32.869	3.7663E-8	1	0	2.32137
480	-49	-29	56.939	992.688	8.13286	2.03	10.4	31.139	3.7043E-8	1	0	2.44403
481	-49	-27	55.946	992.819	8.14457	2.03	10.4	30.146	3.7148E-8	1	0	2.50328
482	-49	-25	55.009	993.075	8.16782	2.03	10.4	29.209	3.7356E-8	1	0	2.55972
483	-49	-23	54.129	993.445	8.20157	2.03	10.4	28.329	3.766E-8	1	0	2.61292
484	-49	-21	53.31	993.914	8.24447	2.03	10.4	27.51	3.8047E-8	1	0	2.66247
485	-49	-19	52.555	994.462	8.29481	2.03	10.4	26.755	3.8504E-8	1	0	2.70805
486	-49	-17	51.865	995.066	8.3505	2.03	10.4	26.065	3.9013E-8	1	0	2.7494
487	-49	-15	51.245	995.699	8.40922	2.03	10.4	25.445	3.9554E-8	1	0	2.78636
488	-49	-13	50.695	996.335	8.46842	2.03	10.4	24.895	4.0102E-8	1	0	2.8188
489	-49	-11	50.22	996.944	8.5255	2.03	10.4	24.42	4.0634E-8	1	0	2.84666
490	-49	-9	49.82	997.501	8.57786	2.03	10.4	24.02	4.1125E-8	1	0	2.86988
491	-49	-7	49.497	997.98	8.62309	2.03	10.4	23.697	4.1551E-8	1	0	2.88846
492	-49	-5	49.254	998.36	8.65906	2.03	10.4	23.454	4.1892E-8	1	0	2.90239
493	-49	-3	49.092	998.623	8.68405	2.03	10.4	23.292	4.213E-8	1	0	2.91168
494	-49	-1	49.01	998.757	8.69686	2.03	10.4	23.21	4.2252E-8	1	0	2.91632
495	-49	1	49.01	998.757	8.69686	2.03	10.4	23.21	4.2252E-8	1	0	2.91632
496	-49	3	49.092	998.623	8.68405	2.03	10.4	23.292	4.213E-8	1	0	2.91168
497	-49	5	49.254	998.36	8.65906	2.03	10.4	23.454	4.1892E-8	1	0	2.90239
498	-49	7	49.497	997.98	8.62309	2.03	10.4	23.697	4.1551E-8	1	0	2.88846
499	-49	9	49.82	997.501	8.57786	2.03	10.4	24.02	4.1125E-8	1	0	2.86988
500	-49	11	50.22	996.944	8.5255	2.03	10.4	24.42	4.0634E-8	1	0	2.84666
501	-49	13	50.695	996.335	8.46842	2.03	10.4	24.895	4.0102E-8	1	0	2.8188
502	-49	15	51.245	995.699	8.40922	2.03	10.4	25.445	3.9554E-8	1	0	2.78636
503	-49	17	51.865	995.066	8.3505	2.03	10.4	26.065	3.9013E-8	1	0	2.7494
504	-49	19	52.555	994.462	8.29481	2.03	10.4	26.755	3.8504E-8	1	0	2.70805
505	-49	21	53.31	993.914	8.24447	2.03	10.4	27.51	3.8047E-8	1	0	2.66247
506	-49	23	54.129	993.445	8.20157	2.03	10.4	28.329	3.766E-8	1	0	2.61292
507	-49	25	55.009	993.075	8.16782	2.03	10.4	29.209	3.7356E-8	1	0	2.55972
508	-49	27	55.946	992.819	8.14457	2.03	10.4	30.146	3.7148E-8	1	0	2.50328
509	-49	29	56.939	992.688	8.13286	2.03	10.4	31.139	3.7043E-8	1	0	2.44403
510	-47	-29	55.227	1001.393	8.06998	2.03	10.4	29.427	3.634E-8	1	0	2.58333
511	-47	-27	54.203	1001.541	8.08424	2.03	10.4	28.403	3.6466E-8	1	0	2.65303
512	-47	-25	53.235	1001.831	8.11266	2.03	10.4	27.435	3.6719E-8	1	0	2.71945
513	-47	-23	52.326	1002.252	8.15395	2.03	10.4	26.526	3.7087E-8	1	0	2.78207
514	-47	-21	51.478	1002.784	8.20651	2.03	10.4	25.678	3.7558E-8	1	0	2.84041
515	-47	-19	50.695	1003.407	8.26827	2.03	10.4	24.895	3.8116E-8	1	0	2.89408
516	-47	-17	49.98	1004.093	8.33672	2.03	10.4	24.18	3.8738E-8	1	0	2.9428
517	-47	-15	49.336	1004.813	8.40901	2.03	10.4	23.536	3.9401E-8	1	0	2.98636
518	-47	-13	48.765	1005.535	8.48203	2.03	10.4	22.965	4.0076E-8	1	0	3.02462
519	-47	-11	48.27	1006.228	8.55256	2.03	10.4	22.47	4.0734E-8	1	0	3.0575
520	-47	-9	47.854	1006.861	8.61737	2.03	10.4	22.054	4.1342E-8	1	0	3.08495
521	-47	-7	47.518	1007.406	8.67343	2.03	10.4	21.718	4.1873E-8	1	0	3.10693
522	-47	-5	47.265	1007.838	8.71807	2.03	10.4	21.465	4.2297E-8	1	0	3.12343
523	-47	-3	47.096	1008.137	8.74912	2.03	10.4	21.296	4.2593E-8	1	0	3.13444
524	-47	-1	47.011	1008.29	8.76503	2.03	10.4	21.211	4.2746E-8	1	0	3.13994
525	-47	1	47.011	1008.29	8.76503	2.03	10.4	21.211	4.2746E-8	1	0	3.13994
526	-47	3	47.096	1008.137	8.74912	2.03	10.4	21.296	4.2593E-8	1	0	3.13444
527	-47	5	47.265	1007.838	8.71807	2.03	10.4	21.465	4.2297E-8	1	0	3.12343
528	-47	7	47.518	1007.406	8.67343	2.03	10.4	21.718	4.1873E-8	1	0	3.10693
529	-47	9	47.854	1006.861	8.61737	2.03	10.4	22.054	4.1342E-8	1	0	3.08495
530	-47	11	48.27	1006.228	8.55256	2.03	10.4	22.47	4.0734E-8	1	0	3.0575
531	-47	13	48.765	1005.535	8.48203	2.03	10.4	22.965	4.0076E-8	1	0	3.02462
532	-47	15	49.336	1004.813	8.40901	2.03	10.4	23.536	3.9401E-8	1	0	2.98636
533	-47	17	49.98	1004.093	8.33672	2.03	10.4	24.18	3.8738E-8	1	0	2.9428
534	-47	19	50.695	1003.407	8.26827	2.03	10.4	24.895	3.8116E-8	1	0	2.89408
535	-47	21	51.478	1002.784	8.20651	2.03	10.4	25.678	3.7558E-8	1	0	2.84041
536	-47	23	52.326	1002.252	8.15395	2.03	10.4	26.526	3.7087E-8	1	0	2.78207
537	-47	25	53.235	1001.831	8.11266	2.03	10.4	27.435	3.6719E-8	1	0	2.71945
538	-47	27	54.203	1001.541	8.08424	2.03	10.4	28.403	3.6466E-8	1	0	2.65303
539	-47	29	55.227	1001.393	8.06998	2.03	10.4	29.427	3.634E-8	1	0	2.58333
540	-45	-29	53.535	1009.204	7.99323	2.03	10.4	27.735	3.5536E-8	1	0	2.743
541	-45	-27	52.479	1009.371	8.01056	2.03	10.4	26.679	3.5687E-8	1	0	2.82559
542	-45	-25	51.478	1009.699	8.04524	2.03	10.4	25.678	3.5992E-8	1	0	2.90434
543	-45	-23	50.537	1010.172	8.09567	2.03	10.4	24.737	3.6438E-8	1	0	2.97865
544	-45	-21	49.659	1010.773	8.15997	2.03	10.4	23.859	3.7009E-8	1	0	3.04794
545	-45	-19	48.847	1011.475	8.23565	2.03	10.4	23.047	3.7688E-8	1	0	3.11175
546	-45	-17	48.104	1012.249	8.31972	2.03	10.4	22.304	3.8449E-8	1	0	3.16975
547	-45	-15	47.434	1013.061	8.4087	2.03	10.4	21.634	3.9262E-8	1	0	3.22169
548	-45	-13	46.84	1013.877	8.49879	2.03	10.4	21.04	4.0094E-8	1	0	3.26741
549	-45	-11	46.325	1014.659	8.58598	2.03	10.4	20.525	4.0908E-8	1	0	3.30679
550	-45	-9	45.891	1015.373	8.66627	2.03	10.4	20.091	4.1664E-8	1	0	3.33975
551	-45	-7	45.541	1015.988	8.73585	2.03	10.4	19.741	4.2325E-8	1	0	3.36622
552	-45	-5	45.277	1016.475	8.79133	2.03	10.4	19.477	4.2855E-8	1	0	3.38614
553	-45	-3	45.1	1016.813	8.82995	2.03	10.4	19.3	4.3226E-8	1	0	3.39945
554	-45	-1	45.011	1016.985	8.84976	2.03	10.4	19.211	4.3417E-8	1	0	3.40612
555	-45	1	45.011	1016.985	8.84976	2.03	10.4	19.211	4.3417E-8	1	0	3.40612
556	-45	3	45.1	1016.813	8.82995	2.03	10.4	19.3	4.3226E-8	1	0	3.39945
557	-45	5	45.277	1016.475	8.79133	2.03	10.4	19.477	4.2855E-8	1	0	3.38614
558	-45	7	45.541	1015.988	8.73585	2.03	10.4	19.741	4.2325E-8	1	0	3.36622
559	-45	9	45.891	1015.373	8.66627	2.03	10.4	20.091	4.1664E-8	1	0	3.33975
560	-45	11	46.325	1014.659	8.58598	2.03	10.4	20.525	4.0908E-8	1	0	3.30679
561	-45	13	46.84	1013.877	8.49879	2.03	10.4	21.04	4.0094E-8	1	0	3.26741
562	-45	15	47.434	1013.061	8.4087	2.03	10.4	21.634	3.9262E-8	1	0	3.22169
563	-45	17	48.104	1012.249	8.31972	2.03	10.4	22.304	3.8449E-8	1	0	3.16975
564	-45	19	48.847	1011.475	8.23565	2.03	10.4	23.047	3.7688E-8	1	0	3.11175
565	-45	21	49.659	1010.773	8.15997	2.03	10.4	23.859	3.7009E-8	1	0	3.04794
566	-45	23	50.537	1010.172	8.09567	2.03	10.4	24.737	3.6438E-8	1	0	2.97865
567	-45	25	51.478	1009.699	8.04524	2.03	10.4	25.678	3.5992E-8	1	0	2.90434
568	-45	27	52.479	1009.371	8.01056	2.03	10.4	26.679	3.5687E-8	1	0	2.82559
569	-45	29	53.535	1009.204	7.99323	2.03	10.4	27.735	3.5536E-8	1	0	2.743
570	-43	-29	51.865	1016.134	7.89977	2.03	10.4	26.065	3.4609E-8	1	0	2.92782
571	-43	-27	50.774	1016.321	7.92075	2.03	10.4	24.974	3.479E-8	1	0	3.02649
572	-43	-25	49.739	1016.687	7.96296	2.03	10.4	23.939	3.5156E-8	1	0	3.12067
573	-43	-23	48.765	1017.217	8.02444	2.03	10.4	22.965	3.5693E-8	1	0	3.20968
574	-43	-21	47.854	1017.889	8.10297	2.03	10.4	22.054	3.6385E-8	1	0	3.29282
575	-43	-19	47.011	1018.675	8.19561	2.03	10.4	21.211	3.7209E-8	1	0	3.36957
576	-43	-17	46.239	1019.541	8.29877	2.03	10.4	20.439	3.8138E-8	1	0	3.43953
577	-43	-15	45.541	1020.45	8.40826	2.03	10.4	19.741	3.9136E-8	1	0	3.50241
578	-43	-13	44.922	1021.362	8.51942	2.03	10.4	19.122	4.0162E-8	1	0	3.55798
579	-43	-11	44.385	1022.236	8.6273	2.03	10.4	18.585	4.1171E-8	1	0	3.60607
580	-43	-9	43.932	1023.035	8.72688	2.03	10.4	18.132	4.2112E-8	1	0	3.64653
581	-43	-7	43.566	1023.722	8.81337	2.03	10.4	17.766	4.2939E-8	1	0	3.67917
582	-43	-5	43.29	1024.266	8.88244	2.03	10.4	17.49	4.3604E-8	1	0	3.70385
583	-43	-3	43.105	1024.643	8.93057	2.03	10.4	17.305	4.4071E-8	1	0	3.72041
584	-43	-1	43.012	1024.836	8.95528	2.03	10.4	17.212	4.4312E-8	1	0	3.72872
585	-43	1	43.012	1024.836	8.95528	2.03	10.4	17.212	4.4312E-8	1	0	3.72872
586	-43	3	43.105	1024.643	8.93057	2.03	10.4	17.305	4.4071E-8	1	0	3.72041
587	-43	5	43.29	1024.266	8.88244	2.03	10.4	17.49	4.3604E-8	1	0	3.70385
588	-43	7	43.566	1023.722	8.81337	2.03	10.4	17.766	4.2939E-8	1	0	3.67917
589	-43	9	43.932	1023.035	8.72688	2.03	10.4	18.132	4.2112E-8	1	0	3.64653
590	-43	11	44.385	1022.236	8.6273	2.03	10.4	18.585	4.1171E-8	1	0	3.60607
591	-43	13	44.922	1021.362	8.51942	2.03	10.4	19.122	4.0162E-8	1	0	3.55798
592	-43	15	45.541	1020.45	8.40826	2.03	10.4	19.741	3.9136E-8	1	0	3.50241
593	-43	17	46.239	1019.541	8.29877	2.03	10.4	20.439	3.8138E-8	1	0	3.43953
594	-43	19	47.011	1018.675	8.19561	2.03	10.4	21.211	3.7209E-8	1	0	3.36957
595	-43	21	47.854	1017.889	8.10297	2.03	10.4	22.054	3.6385E-8	1	0	3.29282
596	-43	23	48.765	1017.217	8.02444	2.03	10.4	22.965	3.5693E-8	1	0	3.20968
597	-43	25	49.739	1016.687	7.96296	2.03	10.4	23.939	3.5156E-8	1	0	3.12067
598	-43	27	50.774	1016.321	7.92075	2.03	10.4	24.974	3.479E-8	1	0	3.02649
599	-43	29	51.865	1016.134	7.89977	2.03	10.4	26.065	3.4609E-8	1	0	2.92782
600	-41	-29	50.22	1022.199	7.78624	2.03	10.4	24.42	3.3535E-8	1	0	3.14404
601	-41	-27	49.092	1022.406	7.81153	2.03	10.4	23.292	3.375E-8	1	0	3.263
602	-41	-25	48.021	1022.812	7.86278	2.03	10.4	22.221	3.4189E-8	1	0	3.37675
603	-41	-23	47.011	1023.4	7.93753	2.03	10.4	21.211	3.4833E-8	1	0	3.48454
604	-41	-21	46.065	1024.145	8.03324	2.03	10.4	20.265	3.5667E-8	1	0	3.58557
605	-41	-19	45.188	1025.016	8.14648	2.03	10.4	19.388	3.6666E-8	1	0	3.67921
606	-41	-17	44.385	1025.976	8.27295	2.03	10.4	18.585	3.7798E-8	1	0	3.765
607	-41	-15	43.658	1026.982	8.40763	2.03	10.4	17.858	3.9022E-8	1	0	3.8426
608	-41	-13	43.012	1027.991	8.54483	2.03	10.4	17.212	4.0289E-8	1	0	3.91169
609	-41	-11	42.45	1028.958	8.67842	2.03	10.4	16.65	4.1542E-8	1	0	3.97197
610	-41	-9	41.976	1029.841	8.80212	2.03	10.4	16.176	4.2718E-8	1	0	4.0231
611	-41	-7	41.593	1030.598	8.90982	2.03	10.4	15.793	4.3756E-8	1	0	4.06471
612	-41	-5	41.304	1031.198	8.996	2.03	10.4	15.504	4.4595E-8	1	0	4.09641
613	-41	-3	41.11	1031.613	9.05613	2.03	10.4	15.31	4.5186E-8	1	0	4.11782
614	-41	-1	41.012	1031.825	9.08703	2.03	10.4	15.212	4.549E-8	1	0	4.12861
615	-41	1	41.012	1031.825	9.08703	2.03	10.4	15.212	4.549E-8	1	0	4.12861
616	-41	3	41.11	1031.613	9.05613	2.03	10.4	15.31	4.5186E-8	1	0	4.11782
617	-41	5	41.304	1031.198	8.996	2.03	10.4	15.504	4.4595E-8	1	0	4.09641
618	-41	7	41.593	1030.598	8.90982	2.03	10.4	15.793	4.3756E-8	1	0	4.06471
619	-41	9	41.976	1029.841	8.80212	2.03	10.4	16.176	4.2718E-8	1	0	4.0231
620	-41	11	42.45	1028.958	8.67842	2.03	10.4	16.65	4.1542E-8	1	0	3.97197
621	-41	13	43.012	1027.991	8.54483	2.03	10.4	17.212	4.0289E-8	1	0	3.91169
622	-41	15	43.658	1026.982	8.40763	2.03	10.4	17.858	3.9022E-8	1	0	3.8426
623	-41	17	44.385	1025.976	8.27295	2.03	10.4	18.585	3.7798E-8	1	0	3.765
624	-41	19	45.188	1025.016	8.14648	2.03	10.4	19.388	3.6666E-8	1	0	3.67921
625	-41	21	46.065	1024.145	8.03324	2.03	10.4	20.265	3.5667E-8	1	0	3.58557
626	-41	23	47.011	1023.4	7.93753	2.03	10.4	21.211	3.4833E-8	1	0	3.48454
627	-41	25	48.021	1022.812	7.86278	2.03	10.4	22.221	3.4189E-8	1	0	3.37675
628	-41	27	49.092	1022.406	7.81153	2.03	10.4	23.292	3.375E-8	1	0	3.263
629	-41	29	50.22	1022.199	7.78624	2.03	10.4	24.42	3.3535E-8	1	0	3.14404
630	-39	-29	48.6	1027.421	7.64877	2.03	10.4	22.8	3.229E-8	1	0	3.3999
631	-39	-27	47.434	1027.648	7.67911	2.03	10.4	21.634	3.2544E-8	1	0	3.54484
632	-39	-25	46.325	1028.094	7.74111	2.03	10.4	20.525	3.3065E-8	1	0	3.68379
633	-39	-23	45.277	1028.739	7.83174	2.03	10.4	19.477	3.3835E-8	1	0	3.81605
634	-39	-21	44.294	1029.557	7.9481	2.03	10.4	18.494	3.4835E-8	1	0	3.94066
635	-39	-19	43.382	1030.512	8.08625	2.03	10.4	17.582	3.6042E-8	1	0	4.05695
636	-39	-17	42.544	1031.563	8.24114	2.03	10.4	16.744	3.742E-8	1	0	4.16442
637	-39	-15	41.785	1032.663	8.40674	2.03	10.4	15.985	3.892E-8	1	0	4.26264
638	-39	-13	41.11	1033.765	8.57612	2.03	10.4	15.31	4.0486E-8	1	0	4.35116
639	-39	-11	40.522	1034.819	8.74174	2.03	10.4	14.722	4.2046E-8	1	0	4.4294
640	-39	-9	40.025	1035.778	8.89568	2.03	10.4	14.225	4.3522E-8	1	0	4.49667
641	-39	-7	39.623	1036.6	9.03012	2.03	10.4	13.823	4.4832E-8	1	0	4.55215
642	-39	-5	39.319	1037.249	9.13793	2.03	10.4	13.519	4.5896E-8	1	0	4.59494
643	-39	-3	39.115	1037.697	9.21326	2.03	10.4	13.315	4.6647E-8	1	0	4.62412
644	-39	-1	39.013	1037.926	9.252	2.03	10.4	13.213	4.7035E-8	1	0	4.63891
645	-39	1	39.013	1037.926	9.252	2.03	10.4	13.213	4.7035E-8	1	0	4.63891
646	-39	3	39.115	1037.697	9.21326	2.03	10.4	13.315	4.6647E-8	1	0	4.62412
647	-39	5	39.319	1037.249	9.13793	2.03	10.4	13.519	4.5896E-8	1	0	4.59494
648	-39	7	39.623	1036.6	9.03012	2.03	10.4	13.823	4.4832E-8	1	0	4.55215
649	-39	9	40.025	1035.778	8.89568	2.03	10.4	14.225	4.3522E-8	1	0	4.49667
650	-39	11	40.522	1034.819	8.74174	2.03	10.4	14.722	4.2046E-8	1	0	4.4294
651	-39	13	41.11	1033.765	8.57612	2.03	10.4	15.31	4.0486E-8	1	0	4.35116
652	-39	15	41.785	1032.663	8.40674	2.03	10.4	15.985	3.892E-8	1	0	4.26264
653	-39	17	42.544	1031.563	8.24114	2.03	10.4	16.744	3.742E-8	1	0	4.16442
654	-39	19	43.382	1030.512	8.08625	2.03	10.4	17.582	3.6042E-8	1	0	4.05695
655	-39	21	44.294	1029.557	7.9481	2.03	10.4	18.494	3.4835E-8	1	0	3.94066
656	-39	23	45.277	1028.739	7.83174	2.03	10.4	19.477	3.3835E-8	1	0	3.81605
657	-39	25	46.325	1028.094	7.74111	2.03	10.4	20.525	3.3065E-8	1	0	3.68379
658	-39	27	47.434	1027.648	7.67911	2.03	10.4	21.634	3.2544E-8	1	0	3.54484
659	-39	29	48.6	1027.421	7.64877	2.03	10.4	22.8	3.229E-8	1	0	3.3999
660	-37	-29	47.011	1031.828	7.48297	2.03	10.4	21.211	3.0848E-8	1	0	3.70649
661	-37	-27	45.804	1032.075	7.51915	2.03	10.4	20.004	3.1144E-8	1	0	3.88519
662	-37	-25	44.654	1032.559	7.59382	2.03	10.4	18.854	3.1759E-8	1	0	4.05722
663	-37	-23	43.566	1033.259	7.70329	2.03	10.4	17.766	3.2671E-8	1	0	4.22202
664	-37	-21	42.544	1034.145	7.84435	2.03	10.4	16.744	3.3866E-8	1	0	4.37859
665	-37	-19	41.593	1035.178	8.01252	2.03	10.4	15.793	3.5318E-8	1	0	4.52628
666	-37	-17	40.719	1036.313	8.20195	2.03	10.4	14.919	3.699E-8	1	0	4.66462
667	-37	-15	39.925	1037.499	8.40547	2.03	10.4	14.125	3.8829E-8	1	0	4.79315
668	-37	-13	39.217	1038.681	8.61468	2.03	10.4	13.417	4.0765E-8	1	0	4.91118
669	-37	-11	38.601	1039.808	8.82027	2.03	10.4	12.801	4.2714E-8	1	0	5.01764
670	-37	-9	38.079	1040.829	9.01231	2.03	10.4	12.279	4.4575E-8	1	0	5.11104
671	-37	-7	37.656	1041.7	9.18066	2.03	10.4	11.856	4.6238E-8	1	0	5.18963
672	-37	-5	37.336	1042.384	9.31592	2.03	10.4	11.536	4.7597E-8	1	0	5.25137
673	-37	-3	37.121	1042.854	9.41057	2.03	10.4	11.321	4.8559E-8	1	0	5.29409
674	-37	-1	37.014	1043.094	9.45931	2.03	10.4	11.214	4.9059E-8	1	0	5.31595
675	-37	1	37.014	1043.094	9.45931	2.03	10.4	11.214	4.9059E-8	1	0	5.31595
676	-37	3	37.121	1042.854	9.41057	2.03	10.4	11.321	4.8559E-8	1	0	5.29409
677	-37	5	37.336	1042.384	9.31592	2.03	10.4	11.536	4.7597E-8	1	0	5.25137
678	-37	7	37.656	1041.7	9.18066	2.03	10.4	11.856	4.6238E-8	1	0	5.18963
679	-37	9	38.079	1040.829	9.01231	2.03	10.4	12.279	4.4575E-8	1	0	5.11104
680	-37	11	38.601	1039.808	8.82027	2.03	10.4	12.801	4.2714E-8	1	0	5.01764
681	-37	13	39.217	1038.681	8.61468	2.03	10.4	13.417	4.0765E-8	1	0	4.91118
682	-37	15	39.925	1037.499	8.40547	2.03	10.4	14.125	3.8829E-8	1	0	4.79315
683	-37	17	40.719	1036.313	8.20195	2.03	10.4	14.919	3.699E-8	1	0	4.66462
684	-37	19	41.593	1035.178	8.01252	2.03	10.4	15.793	3.5318E-8	1	0	4.52628
685	-37	21	42.544	1034.145	7.84435	2.03	10.4	16.744	3.3866E-8	1	0	4.37859
686	-37	23	43.566	1033.259	7.70329	2.03	10.4	17.766	3.2671E-8	1	0	4.22202
687	-37	25	44.654	1032.559	7.59382	2.03	10.4	18.854	3.1759E-8	1	0	4.05722
688	-37	27	45.804	1032.075	7.51915	2.03	10.4	20.004	3.1144E-8	1	0	3.88519
689	-37	29	47.011	1031.828	7.48297	2.03	10.4	21.211	3.0848E-8	1	0	3.70649
690	-35	-29	45.453	1035.457	7.28398	2.03	10.4	19.653	2.9184E-8	1	0	4.07888
691	-35	-27	44.204	1035.722	7.32677	2.03	10.4	18.404	2.9525E-8	1	0	4.30227
692	-35	-25	43.012	1036.241	7.41624	2.03	10.4	17.212	3.0243E-8	1	0	4.51861
693	-35	-23	41.881	1036.99	7.54786	2.03	10.4	16.081	3.1316E-8	1	0	4.72783
694	-35	-21	40.817	1037.938	7.71823	2.03	10.4	15.017	3.2733E-8	1	0	4.92911
695	-35	-19	39.825	1039.039	7.92242	2.03	10.4	14.025	3.4472E-8	1	0	5.12206
696	-35	-17	38.91	1040.244	8.15373	2.03	10.4	13.11	3.6495E-8	1	0	5.30655
697	-35	-15	38.079	1041.496	8.40369	2.03	10.4	12.279	3.8747E-8	1	0	5.48228
698	-35	-13	37.336	1042.736	8.66217	2.03	10.4	11.536	4.1145E-8	1	0	5.64829
699	-35	-11	36.688	1043.91	8.91778	2.03	10.4	10.888	4.3587E-8	1	0	5.80256
700	-35	-9	36.139	1044.963	9.15816	2.03	10.4	10.339	4.5948E-8	1	0	5.94188
701	-35	-7	35.693	1045.854	9.36982	2.03	10.4	9.893	4.8078E-8	1	0	6.06252
702	-35	-5	35.355	1046.546	9.54009	2.03	10.4	9.555	4.9827E-8	1	0	6.15994
703	-35	-3	35.128	1047.019	9.65936	2.03	10.4	9.328	5.107E-8	1	0	6.22875
704	-35	-1	35.014	1047.259	9.72091	2.03	10.4	9.214	5.1718E-8	1	0	6.26435
705	-35	1	35.014	1047.259	9.72091	2.03	10.4	9.214	5.1718E-8	1	0	6.26435
706	-35	3	35.128	1047.019	9.65936	2.03	10.4	9.328	5.107E-8	1	0	6.22875
707	-35	5	35.355	1046.546	9.54009	2.03	10.4	9.555	4.9827E-8	1	0	6.15994
708	-35	7	35.693	1045.854	9.36982	2.03	10.4	9.893	4.8078E-8	1	0	6.06252
709	-35	9	36.139	1044.963	9.15816	2.03	10.4	10.339	4.5948E-8	1	0	5.94188
710	-35	11	36.688	1043.91	8.91778	2.03	10.4	10.888	4.3587E-8	1	0	5.80256
711	-35	13	37.336	1042.736	8.66217	2.03	10.4	11.536	4.1145E-8	1	0	5.64829
712	-35	15	38.079	1041.496	8.40369	2.03	10.4	12.279	3.8747E-8	1	0	5.48228
713	-35	17	38.91	1040.244	8.15373	2.03	10.4	13.11	3.6495E-8	1	0	5.30655
714	-35	19	39.825	1039.039	7.92242	2.03	10.4	14.025	3.4472E-8	1	0	5.12206
715	-35	21	40.817	1037.938	7.71823	2.03	10.4	15.017	3.2733E-8	1	0	4.92911
716	-35	23	41.881	1036.99	7.54786	2.03	10.4	16.081	3.1316E-8	1	0	4.72783
717	-35	25	43.012	1036.241	7.41624	2.03	10.4	17.212	3.0243E-8	1	0	4.51861
718	-35	27	44.204	1035.722	7.32677	2.03	10.4	18.404	2.9525E-8	1	0	4.30227
719	-35	29	45.453	1035.457	7.28398	2.03	10.4	19.653	2.9184E-8	1	0	4.07888
720	-33	-29	43.932	1038.355	7.0466	2.03	10.4	18.132	2.7279E-8	1	0	4.538
721	-33	-27	42.638	1038.636	7.0967	2.03	10.4	16.838	2.7665E-8	1	0	4.82178
722	-33	-25	41.4	1039.185	7.20319	2.03	10.4	15.6	2.8495E-8	1	0	5.09892
723	-33	-23	40.224	1039.976	7.36053	2.03	10.4	14.424	2.9743E-8	1	0	5.37066
724	-33	-21	39.115	1040.972	7.56537	2.03	10.4	13.315	3.1409E-8	1	0	5.63687
725	-33	-19	38.079	1042.125	7.81253	2.03	10.4	12.279	3.3478E-8	1	0	5.89821
726	-33	-17	37.121	1043.377	8.0945	2.03	10.4	11.321	3.5919E-8	1	0	6.1558
727	-33	-15	36.249	1044.666	8.40127	2.03	10.4	10.449	3.8672E-8	1	0	6.41034
728	-33	-13	35.468	1045.927	8.72066	2.03	10.4	9.668	4.1646E-8	1	0	6.66101
729	-33	-11	34.785	1047.102	9.0389	2.03	10.4	8.985	4.4718E-8	1	0	6.90421
730	-33	-9	34.205	1048.141	9.34124	2.03	10.4	8.405	4.7739E-8	1	0	7.13278
731	-33	-7	33.734	1049	9.60898	2.03	10.4	7.934	5.0496E-8	1	0	7.33887
732	-33	-5	33.377	1049.655	9.82389	2.03	10.4	7.577	5.2765E-8	1	0	7.51217
733	-33	-3	33.136	1050.094	9.97451	2.03	10.4	7.336	5.4386E-8	1	1	7.63811
734	-33	-1	33.015	1050.314	10.05269	2.03	10.4	7.215	5.5236E-8	1	1	7.70415
735	-33	1	33.015	1050.314	10.05269	2.03	10.4	7.215	5.5236E-8	1	1	7.70415
736	-33	3	33.136	1050.094	9.97451	2.03	10.4	7.336	5.4386E-8	1	1	7.63811
737	-33	5	33.377	1049.655	9.82389	2.03	10.4	7.577	5.2765E-8	1	0	7.51217
738	-33	7	33.734	1049	9.60898	2.03	10.4	7.934	5.0496E-8	1	0	7.33887
739	-33	9	34.205	1048.141	9.34124	2.03	10.4	8.405	4.7739E-8	1	0	7.13278
740	-33	11	34.785	1047.102	9.0389	2.03	10.4	8.985	4.4718E-8	1	0	6.90421
741	-33	13	35.468	1045.927	8.72066	2.03	10.4	9.668	4.1646E-8	1	0	6.66101
742	-33	15	36.249	1044.666	8.40127	2.03	10.4	10.449	3.8672E-8	1	0	6.41034
743	-33	17	37.121	1043.377	8.0945	2.03	10.4	11.321	3.5919E-8	1	0	6.1558
744	-33	19	38.079	1042.125	7.81253	2.03	10.4	12.279	3.3478E-8	1	0	5.89821
745	-33	21	39.115	1040.972	7.56537	2.03	10.4	13.315	3.1409E-8	1	0	5.63687
746	-33	23	40.224	1039.976	7.36053	2.03	10.4	14.424	2.9743E-8	1	0	5.37066
747	-33	25	41.4	1039.185	7.20319	2.03	10.4	15.6	2.8495E-8	1	0	5.09892
748	-33	27	42.638	1038.636	7.0967	2.03	10.4	16.838	2.7665E-8	1	0	4.82178
749	-33	29	43.932	1038.355	7.0466	2.03	10.4	18.132	2.7279E-8	1	0	4.538
750	-31	-29	42.45	1040.583	6.76552	2.03	10.4	16.65	2.5123E-8	1	0	5.11346
751	-31	-27	41.11	1040.877	6.82346	2.03	10.4	15.31	2.5552E-8	1	0	5.48071
752	-31	-25	39.825	1041.449	6.94913	2.03	10.4	14.025	2.6495E-8	1	0	5.8437
753	-31	-23	38.601	1042.27	7.13584	2.03	10.4	12.801	2.7928E-8	1	0	6.20662
754	-31	-21	37.443	1043.299	7.38076	2.03	10.4	11.643	2.9865E-8	1	0	6.57153
755	-31	-19	36.359	1044.48	7.67887	2.03	10.4	10.559	3.231E-8	1	0	6.94225
756	-31	-17	35.355	1045.746	8.02196	2.03	10.4	9.555	3.5243E-8	1	0	7.324
757	-31	-15	34.438	1047.027	8.39823	2.03	10.4	8.638	3.8605E-8	1	0	7.72183
758	-31	-13	33.615	1048.252	8.79277	2.03	10.4	7.815	4.2295E-8	1	0	8.13795
759	-31	-11	32.894	1049.36	9.18884	2.03	10.4	7.094	4.617E-8	1	0	8.56802
760	-31	-9	32.28	1050.304	9.57223	2.03	10.4	6.48	5.0083E-8	1	0	8.99475
761	-31	-7	31.78	1051.05	9.91438	2.03	10.4	5.98	5.371E-8	1	1	9.40268
762	-31	-5	31.401	1051.589	10.18545	2.03	10.4	5.601	5.6674E-8	1	1	9.76806
763	-31	-3	31.145	1051.933	10.37557	2.03	10.4	5.345	5.8801E-8	1	1	10.04466
764	-31	-1	31.016	1052.1	10.47612	2.03	10.4	5.216	5.9942E-8	1	1	10.19203
765	-31	1	31.016	1052.1	10.47612	2.03	10.4	5.216	5.9942E-8	1	1	10.19203
766	-31	3	31.145	1051.933	10.37557	2.03	10.4	5.345	5.8801E-8	1	1	10.04466
767	-31	5	31.401	1051.589	10.18545	2.03	10.4	5.601	5.6674E-8	1	1	9.76806
768	-31	7	31.78	1051.05	9.91438	2.03	10.4	5.98	5.371E-8	1	1	9.40268
769	-31	9	32.28	1050.304	9.57223	2.03	10.4	6.48	5.0083E-8	1	0	8.99475
770	-31	11	32.894	1049.36	9.18884	2.03	10.4	7.094	4.617E-8	1	0	8.56802
771	-31	13	33.615	1048.252	8.79277	2.03	10.4	7.815	4.2295E-8	1	0	8.13795
772	-31	15	34.438	1047.027	8.39823	2.03	10.4	8.638	3.8605E-8	1	0	7.72183
773	-31	17	35.355	1045.746	8.02196	2.03	10.4	9.555	3.5243E-8	1	0	7.324
774	-31	19	36.359	1044.48	7.67887	2.03	10.4	10.559	3.231E-8	1	0	6.94225
775	-31	21	37.443	1043.299	7.38076	2.03	10.4	11.643	2.9865E-8	1	0	6.57153
776	-31	23	38.601	1042.27	7.13584	2.03	10.4	12.801	2.7928E-8	1	0	6.20662
777	-31	25	39.825	1041.449	6.94913	2.03	10.4	14.025	2.6495E-8	1	0	5.8437
778	-31	27	41.11	1040.877	6.82346	2.03	10.4	15.31	2.5552E-8	1	0	5.48071
779	-31	29	42.45	1040.583	6.76552	2.03	10.4	16.65	2.5123E-8	1	0	5.11346
780	-29	-29	41.012	1042.213	6.4358	2.03	10.4	15.212	2.2718E-8	1	0	5.84794
781	-29	-27	39.623	1042.515	6.50173	2.03	10.4	13.823	2.3183E-8	1	0	6.33366
782	-29	-25	38.288	1043.102	6.64844	2.03	10.4	12.488	2.4235E-8	1	0	6.82187
783	-29	-23	37.014	1043.942	6.8679	2.03	10.4	11.214	2.5852E-8	1	0	7.3236
784	-29	-21	35.805	1044.984	7.15862	2.03	10.4	10.005	2.8074E-8	1	0	7.84705
785	-29	-19	34.67	1046.162	7.51676	2.03	10.4	8.87	3.0938E-8	1	0	8.40523
786	-29	-17	33.615	1047.4	7.93361	2.03	10.4	7.815	3.4446E-8	1	0	9.01704
787	-29	-15	32.65	1048.611	8.39512	2.03	10.4	6.85	3.855E-8	1	0	9.70518
788	-29	-13	31.78	1049.717	8.88234	2.03	10.4	5.98	4.3135E-8	1	0	10.49124
789	-29	-11	31.016	1050.65	9.37159	2.03	20	5.216	4.7998E-8	1	0	11.36807
790	-29	-9	30.364	1051.381	9.86548	2.03	20	4.564	5.3174E-8	1	0	12.33629
791	-29	-7	29.833	1051.879	10.31198	2.03	20	4.033	5.8084E-8	0	0	13.35424
792	-29	-5	29.428	1052.171	10.64899	2.03	20	3.628	6.1934E-8	0	0	14.37243
793	-29	-3	29.155	1052.319	10.88727	2.03	20	3.355	6.4733E-8	0	0	15.2004
794	-29	-1	29.017	1052.377	11.02126	2.03	20	3.217	6.6335E-8	0	0	15.65645
795	-29	1	29.017	1052.377	11.02126	2.03	20	3.217	6.6335E-8	0	0	15.65645
796	-29	3	29.155	1052.319	10.88727	2.03	20	3.355	6.4733E-8	0	0	15.2004
797	-29	5	29.428	1052.171	10.64899	2.03	20	3.628	6.1934E-8	0	0	14.37243
798	-29	7	29.833	1051.879	10.31198	2.03	20	4.033	5.8084E-8	0	0	13.35424
799	-29	9	30.364	1051.381	9.86548	2.03	20	4.564	5.3174E-8	1	0	12.33629
800	-29	11	31.016	1050.65	9.37159	2.03	20	5.216	4.7998E-8	1	0	11.36807
801	-29	13	31.78	1049.717	8.88234	2.03	10.4	5.98	4.3135E-8	1	0	10.49124
802	-29	15	32.65	1048.611	8.39512	2.03	10.4	6.85	3.855E-8	1	0	9.70518
803	-29	17	33.615	1047.4	7.93361	2.03	10.4	7.815	3.4446E-8	1	0	9.01704
804	-29	19	34.67	1046.162	7.51676	2.03	10.4	8.87	3.0938E-8	1	0	8.40523
805	-29	21	35.805	1044.984	7.15862	2.03	10.4	10.005	2.8074E-8	1	0	7.84705
806	-29	23	37.014	1043.942	6.8679	2.03	10.4	11.214	2.5852E-8	1	0	7.3236
807	-29	25	38.288	1043.102	6.64844	2.03	10.4	12.488	2.4235E-8	1	0	6.82187
808	-29	27	39.623	1042.515	6.50173	2.03	10.4	13.823	2.3183E-8	1	0	6.33366
809	-29	29	41.012	1042.213	6.4358	2.03	10.4	15.212	2.2718E-8	1	0	5.84794
810	-27	-29	39.623	1043.33	6.05343	2.03	10.4	13.823	2.0089E-8	1	0	6.80439
811	-27	-27	38.184	1043.638	6.127	2.03	10.4	12.384	2.0577E-8	1	0	7.4633
812	-27	-25	36.797	1044.233	6.29592	2.03	10.4	10.997	2.1722E-8	1	0	8.14126
813	-27	-23	35.468	1045.077	6.55059	2.03	10.4	9.668	2.3507E-8	1	0	8.86549
814	-27	-21	34.205	1046.11	6.89229	2.03	10.4	8.405	2.6012E-8	1	0	9.66156
815	-27	-19	33.015	1047.253	7.32066	2.03	10.4	7.215	2.9331E-8	1	0	10.57008
816	-27	-17	31.906	1048.41	7.8269	2.03	10.4	6.106	3.3511E-8	1	0	11.65944
817	-27	-15	30.887	1049.471	8.394	2.03	20	5.087	3.8526E-8	1	0	13.00866
818	-27	-13	29.967	1050.345	8.99844	2.03	20	4.167	4.4258E-8	0	0	14.80738
819	-27	-11	29.155	1050.932	9.58134	2.03	20	3.355	5.0165E-8	0	0	17.26552
820	-27	-9	28.46	1051.2	10.28895	2.03	20	2.66	5.7841E-8	0	0	20.2677
821	-27	-7	27.893	1051.147	10.91473	2.03	20	2.093	6.5093E-8	0	0	24.28388
822	-27	-5	27.459	1050.923	11.31647	2.03	20	1.659	6.9979E-8	0	1	29.53688
823	-27	-3	27.166	1050.67	11.60289	2.03	20	1.366	7.3574E-8	0	1	34.97896
824	-27	-1	27.019	1050.503	11.75096	2.03	20	1.219	7.547E-8	0	1	38.71999
825	-27	1	27.019	1050.503	11.75096	2.03	20	1.219	7.547E-8	0	1	38.71999
826	-27	3	27.166	1050.67	11.60289	2.03	20	1.366	7.3574E-8	0	1	34.97896
827	-27	5	27.459	1050.923	11.31647	2.03	20	1.659	6.9979E-8	0	1	29.53688
828	-27	7	27.893	1051.147	10.91473	2.03	20	2.093	6.5093E-8	0	0	24.28388
829	-27	9	28.46	1051.2	10.28895	2.03	20	2.66	5.7841E-8	0	0	20.2677
830	-27	11	29.155	1050.932	9.58134	2.03	20	3.355	5.0165E-8	0	0	17.26552
831	-27	13	29.967	1050.345	8.99844	2.03	20	4.167	4.4258E-8	0	0	14.80738
832	-27	15	30.887	1049.471	8.394	2.03	20	5.087	3.8526E-8	1	0	13.00866
833	-27	17	31.906	1048.41	7.8269	2.03	10.4	6.106	3.3511E-8	1	0	11.65944
834	-27	19	33.015	1047.253	7.32066	2.03	10.4	7.215	2.9331E-8	1	0	10.57008
835	-27	21	34.205	1046.11	6.89229	2.03	10.4	8.405	2.6012E-8	1	0	9.66156
836	-27	23	35.468	1045.077	6.55059	2.03	10.4	9.668	2.3507E-8	1	0	8.86549
837	-27	25	36.797	1044.233	6.29592	2.03	10.4	10.997	2.1722E-8	1	0	8.14126
838	-27	27	38.184	1043.638	6.127	2.03	10.4	12.384	2.0577E-8	1	0	7.4633
839	-27	29	39.623	1043.33	6.05343	2.03	10.4	13.823	2.0089E-8	1	0	6.80439
840	-25	-29	38.288	1044.032	5.61625	2.03	10.4	12.488	1.7287E-8	1	0	8.07787
841	-25	-27	36.797	1044.344	5.69644	2.03	10.4	10.997	1.7782E-8	1	0	8.99833
842	-25	-25	35.355	1044.942	5.88767	2.03	10.4	9.555	1.8991E-8	1	0	9.97664
843	-25	-23	33.971	1045.781	6.17801	2.03	10.4	8.171	2.0902E-8	1	0	11.0806
844	-25	-21	32.65	1046.786	6.57358	2.03	10.4	6.85	2.3655E-8	1	0	12.38808
845	-25	-19	31.401	1047.86	7.08385	2.03	10.4	5.601	2.7457E-8	1	0	14.03017
846	-25	-17	30.232	1048.882	7.69934	2.03	20	4.432	3.2421E-8	1	0	16.26475
847	-25	-15	29.155	1049.669	8.39822	2.03	20	3.355	3.8562E-8	0	0	19.69092
848	-25	-13	28.178	1050.06	9.27884	2.03	20	2.378	4.7065E-8	0	0	25.1327
849	-25	-11	27.313	1049.985	10.22692	2.03	20	1.513	5.7176E-8	0	0	35.82801
850	-25.073	-9.068	26.662	1049.587	11.00455	2.03	20	1	6.6212E-8	0	0	50.36592
851	-25.401	-7.08	26.369	1049.195	11.25878	2.03	20	1	6.9319E-8	0	0	49.22329
852	-25.643	-5.095	26.144	1048.82	11.64327	2.03	20	1	7.4146E-8	0	1	47.59283
853	-25.803	-3.102	25.989	1048.509	11.98968	2.03	20	1	7.8634E-8	0	1	46.21376
854	-25.886	-1.057	25.907	1048.326	12.16616	2.03	20	1	8.0972E-8	0	1	45.54112
855	-25.886	1.057	25.907	1048.326	12.16616	2.03	20	1	8.0972E-8	0	1	45.54112
856	-25.803	3.102	25.989	1048.509	11.98968	2.03	20	1	7.8634E-8	0	1	46.21376
857	-25.643	5.095	26.144	1048.82	11.64327	2.03	20	1	7.4146E-8	0	1	47.59283
858	-25.401	7.08	26.369	1049.195	11.25878	2.03	20	1	6.9319E-8	0	0	49.22329
859	-25.073	9.068	26.662	1049.587	11.00455	2.03	20	1	6.6212E-8	0	0	50.36592
860	-25	11	27.313	1049.985	10.22692	2.03	20	1.513	5.7176E-8	0	0	35.82801
861	-25	13	28.178	1050.06	9.27884	2.03	20	2.378	4.7065E-8	0	0	25.1327
862	-25	15	29.155	1049.669	8.39822	2.03	20	3.355	3.8562E-8	0	0	19.69092
863	-25	17	30.232	1048.882	7.69934	2.03	20	4.432	3.2421E-8	1	0	16.26475
864	-25	19	31.401	1047.86	7.08385	2.03	10.4	5.601	2.7457E-8	1	0	14.03017
865	-25	21	32.65	1046.786	6.57358	2.03	10.4	6.85	2.3655E-8	1	0	12.38808
866	-25	23	33.971	1045.781	6.17801	2.03	10.4	8.171	2.0902E-8	1	0	11.0806
867	-25	25	35.355	1044.942	5.88767	2.03	10.4	9.555	1.8991E-8	1	0	9.97664
868	-25	27	36.797	1044.344	5.69644	2.03	10.4	10.997	1.7782E-8	1	0	8.99833
869	-25	29	38.288	1044.032	5.61625	2.03	10.4	12.488	1.7287E-8	1	0	8.07787
870	-23	-29	37.014	1044.427	5.1249	2.03	10.4	11.214	1.4392E-8	1	0	9.81578
871	-23	-27	35.468	1044.743	5.21017	2.03	10.4	9.668	1.4873E-8	1	0	11.14524
872	-23	-25	33.971	1045.346	5.42269	2.03	10.4	8.171	1.6107E-8	1	0	12.62243
873	-23	-23	32.527	1046.177	5.74577	2.03	10.4	6.727	1.8077E-8	1	0	14.4253
874	-23	-21	31.145	1047.145	6.19072	2.03	20	5.345	2.0976E-8	1	0	16.78033
875	-23	-19	29.833	1048.123	6.79801	2.03	20	4.033	2.5283E-8	0	0	20.23601
876	-23	-17	28.601	1048.898	7.63083	2.03	20	2.801	3.1847E-8	0	0	25.9449
877	-23	-15	27.459	1049.175	8.82651	2.03	20	1.659	4.2604E-8	0	0	37.85088
878	-23.105	-13.113	26.566	1048.934	9.76566	2.03	20	1	5.2158E-8	0	0	56.74512
879	-23.609	-11.234	26.146	1048.568	10.21292	2.03	20	1	5.7054E-8	0	0	54.25456
880	-23.609	11.234	26.146	1048.568	10.21292	2.03	20	1	5.7054E-8	0	0	54.25456
881	-23.105	13.113	26.566	1048.934	9.76566	2.03	20	1	5.2158E-8	0	0	56.74512
882	-23	15	27.459	1049.175	8.82651	2.03	20	1.659	4.2604E-8	0	0	37.85088
883	-23	17	28.601	1048.898	7.63083	2.03	20	2.801	3.1847E-8	0	0	25.9449
884	-23	19	29.833	1048.123	6.79801	2.03	20	4.033	2.5283E-8	0	0	20.23601
885	-23	21	31.145	1047.145	6.19072	2.03	20	5.345	2.0976E-8	1	0	16.78033
886	-23	23	32.527	1046.177	5.74577	2.03	10.4	6.727	1.8077E-8	1	0	14.4253
887	-23	25	33.971	1045.346	5.42269	2.03	10.4	8.171	1.6107E-8	1	0	12.62243
888	-23	27	35.468	1044.743	5.21017	2.03	10.4	9.668	1.4873E-8	1	0	11.14524
889	-23	29	37.014	1044.427	5.1249	2.03	10.4	11.214	1.4392E-8	1	0	9.81578
890	-21	-29	35.805	1044.623	4.58362	2.03	10.4	10.005	1.1511E-8	1	0	12.25413
891	-21	-27	34.205	1044.949	4.6725	2.03	10.4	8.405	1.1961E-8	1	0	14.24681
892	-21	-25	32.65	1045.566	4.90563	2.03	10.4	6.85	1.318E-8	1	0	16.59437
893	-21	-23	31.145	1046.405	5.25548	2.03	20	5.345	1.5122E-8	1	0	19.76238
894	-21	-21	29.698	1047.345	5.72063	2.03	20	3.898	1.791E-8	0	0	24.86828
895	-21	-19	28.32	1048.108	6.13351	2.03	20	2.52	2.0582E-8	0	0	35.86707
896	-20.647	-17.112	26.816	1048.441	7.82362	2.03	20	1.016	3.3483E-8	0	0	69.68461
897	-21.406	-15.234	26.273	1048.396	8.33236	2.03	20	1	3.798E-8	0	0	66.49628
898	-21.406	15.234	26.273	1048.396	8.33236	2.03	20	1	3.798E-8	0	0	66.49628
899	-20.647	17.112	26.816	1048.441	7.82362	2.03	20	1.016	3.3483E-8	0	0	69.68461
900	-21	19	28.32	1048.108	6.13351	2.03	20	2.52	2.0582E-8	0	0	35.86707
901	-21	21	29.698	1047.345	5.72063	2.03	20	3.898	1.791E-8	0	0	24.86828
902	-21	23	31.145	1046.405	5.25548	2.03	20	5.345	1.5122E-8	1	0	19.76238
903	-21	25	32.65	1045.566	4.90563	2.03	10.4	6.85	1.318E-8	1	0	16.59437
904	-21	27	34.205	1044.949	4.6725	2.03	10.4	8.405	1.1961E-8	1	0	14.24681
905	-21	29	35.805	1044.623	4.58362	2.03	10.4	10.005	1.1511E-8	1	0	12.25413
906	-19	-29	34.67	1044.724	4.0005	2.03	10.4	8.87	8.7685E-9	1	0	15.78653
907	-19	-27	33.015	1045.07	4.09187	2.03	10.4	7.215	9.1722E-9	1	0	18.89895
908	-19	-25	31.401	1045.725	4.34947	2.03	10.4	5.601	1.0361E-8	1	0	22.8368
909	-19	-23	29.833	1046.611	4.73484	2.03	20	4.033	1.2273E-8	0	0	29.04146
910	-19	-21	28.32	1047.503	5.18014	2.03	20	2.52	1.4685E-8	0	0	42.46103
911	-19.025	-19.025	26.906	1048.016	5.83259	2.03	20	1.106	1.8613E-8	0	0	85.87918
912	-19.025	19.025	26.906	1048.016	5.83259	2.03	20	1.106	1.8613E-8	0	0	85.87918
913	-19	21	28.32	1047.503	5.18014	2.03	20	2.52	1.4685E-8	0	0	42.46103
914	-19	23	29.833	1046.611	4.73484	2.03	20	4.033	1.2273E-8	0	0	29.04146
915	-19	25	31.401	1045.725	4.34947	2.03	10.4	5.601	1.0361E-8	1	0	22.8368
916	-19	27	33.015	1045.07	4.09187	2.03	10.4	7.215	9.1722E-9	1	0	18.89895
917	-19	29	34.67	1044.724	4.0005	2.03	10.4	8.87	8.7685E-9	1	0	15.78653
918	-17	-29	33.615	1044.818	3.38745	2.03	10.4	7.815	6.2867E-9	1	0	21.10288
919	-17	-27	31.906	1045.198	3.47713	2.03	10.4	6.106	6.6229E-9	1	0	26.22123
920	-17	-25	30.232	1045.922	3.76283	2.03	20	4.432	7.7536E-9	1	0	33.25275
921	-17	-23	28.601	1046.838	4.27863	2.03	20	2.801	1.0021E-8	0	0	46.24559
922	-17.112	-20.647	26.816	1047.823	5.53504	2.03	20	1.016	1.6763E-8	0	0	98.48022
923	-17.112	20.647	26.816	1047.823	5.53504	2.03	20	1.016	1.6763E-8	0	0	98.48022
924	-17	23	28.601	1046.838	4.27863	2.03	20	2.801	1.0021E-8	0	0	46.24559
925	-17	25	30.232	1045.922	3.76283	2.03	20	4.432	7.7536E-9	1	0	33.25275
926	-17	27	31.906	1045.198	3.47713	2.03	10.4	6.106	6.6229E-9	1	0	26.22123
927	-17	29	33.615	1044.818	3.38745	2.03	10.4	7.815	6.2867E-9	1	0	21.10288
928	-15	-29	32.65	1044.966	2.76282	2.03	10.4	6.85	4.1817E-9	1	0	29.45981
929	-15	-27	30.887	1045.396	2.84102	2.03	20	5.087	4.421E-9	1	0	38.39139
930	-15	-25	29.155	1046.202	3.12786	2.03	20	3.355	5.3569E-9	0	0	52.81862
931	-15	-23	27.459	1047.136	3.77834	2.03	20	1.659	7.8136E-9	0	0	88.37267
932	-15.234	-21.406	26.273	1047.87	4.16248	2.03	20	1	9.4802E-9	0	0	133.09135
933	-15.234	21.406	26.273	1047.87	4.16248	2.03	20	1	9.4802E-9	0	0	133.09135
934	-15	23	27.459	1047.136	3.77834	2.03	20	1.659	7.8136E-9	0	0	88.37267
935	-15	25	29.155	1046.202	3.12786	2.03	20	3.355	5.3569E-9	0	0	52.81862
936	-15	27	30.887	1045.396	2.84102	2.03	20	5.087	4.421E-9	1	0	38.39139
937	-15	29	32.65	1044.966	2.76282	2.03	10.4	6.85	4.1817E-9	1	0	29.45981
938	-13	-29	31.78	1045.202	2.15466	2.03	10.4	5.98	2.5431E-9	1	0	43.19378
939	-13	-27	29.967	1045.703	2.21371	2.03	20	4.167	2.6838E-9	0	0	60.11215
940	-13	-25	28.178	1046.561	2.50955	2.03	20	2.378	3.4478E-9	0	0	92.83587
941	-13.113	-23.105	26.566	1047.569	3.07273	2.03	20	1	5.1668E-9	0	0	180.27735
942	-13.113	23.105	26.566	1047.569	3.07273	2.03	20	1	5.1668E-9	0	0	180.27735
943	-13	25	28.178	1046.561	2.50955	2.03	20	2.378	3.4478E-9	0	0	92.83587
944	-13	27	29.967	1045.703	2.21371	2.03	20	4.167	2.6838E-9	0	0	60.11215
945	-13	29	31.78	1045.202	2.15466	2.03	10.4	5.98	2.5431E-9	1	0	43.19378
946	-11	-29	31.016	1045.519	1.5952	2.03	20	5.216	1.3937E-9	1	0	66.6904
947	-11	-27	29.155	1046.08	1.63119	2.03	20	3.355	1.457E-9	0	0	101.27832
948	-11	-25	27.313	1046.984	1.93157	2.03	20	1.513	2.0422E-9	0	0	189.53787
949	-11.234	-23.609	26.146	1047.83	2.13098	2.03	20	1	2.4847E-9	0	0	259.9663
950	-11.234	23.609	26.146	1047.83	2.13098	2.03	20	1	2.4847E-9	0	0	259.9663
951	-11	25	27.313	1046.984	1.93157	2.03	20	1.513	2.0422E-9	0	0	189.53787
952	-11	27	29.155	1046.08	1.63119	2.03	20	3.355	1.457E-9	0	0	101.27832
953	-11	29	31.016	1045.519	1.5952	2.03	20	5.216	1.3937E-9	1	0	66.6904
954	-9	-29	30.364	1045.894	1.11366	2.03	20	4.564	6.7918E-10	1	0	109.11533
955	-9	-27	28.46	1046.476	1.13739	2.03	20	2.66	7.0825E-10	0	0	183.10368
956	-9.068	-25.073	26.662	1047.43	1.34982	2.03	20	1	9.9712E-10	0	0	410.36735
957	-9.068	25.073	26.662	1047.43	1.34982	2.03	20	1	9.9712E-10	0	0	410.36735
958	-9	27	28.46	1046.476	1.13739	2.03	20	2.66	7.0825E-10	0	0	183.10368
959	-9	29	30.364	1045.894	1.11366	2.03	20	4.564	6.7918E-10	1	0	109.11533
960	-7	-29	29.833	1046.257	0.72628	2.03	20	4.033	2.8882E-10	0	0	189.31061
961	-7	-27	27.893	1046.838	0.73398	2.03	20	2.093	2.949E-10	0	0	360.68577
962	-7.08	-25.401	26.369	1047.681	0.80806	2.03	20	1	3.573E-10	0	0	685.54564
963	-7.08	25.401	26.369	1047.681	0.80806	2.03	20	1	3.573E-10	0	0	685.54564
964	-7	27	27.893	1046.838	0.73398	2.03	20	2.093	2.949E-10	0	0	360.68577
965	-7	29	29.833	1046.257	0.72628	2.03	20	4.033	2.8882E-10	0	0	189.31061
966	-5	-29	29.428	1046.545	0.43818	2.03	20	3.628	1.0512E-10	0	0	348.74219
967	-5	-27	27.459	1047.118	0.43304	2.03	20	1.659	1.0264E-10	0	0	771.06499
968	-5.095	-25.643	26.144	1047.848	0.46323	2.03	20	1	1.1741E-10	0	0	1195.92172
969	-5.095	25.643	26.144	1047.848	0.46323	2.03	20	1	1.1741E-10	0	0	1195.92172
970	-5	27	27.459	1047.118	0.43304	2.03	20	1.659	1.0264E-10	0	0	771.06499
971	-5	29	29.428	1046.545	0.43818	2.03	20	3.628	1.0512E-10	0	0	348.74219
972	-3	-29	29.155	1046.72	0.24377	2.03	20	3.355	3.2531E-11	0	0	677.81172
973	-3	-27	27.166	1047.294	0.23912	2.03	20	1.366	3.1295E-11	0	0	1695.67078
974	-3.102	-25.803	25.989	1047.95	0.25833	2.03	20	1	3.6512E-11	0	0	2144.58017
975	-3.102	25.803	25.989	1047.95	0.25833	2.03	20	1	3.6512E-11	0	0	2144.58017
976	-3	27	27.166	1047.294	0.23912	2.03	20	1.366	3.1295E-11	0	0	1695.67078
977	-3	29	29.155	1046.72	0.24377	2.03	20	3.355	3.2531E-11	0	0	677.81172
978	-1	-29	29.017	1046.743	0.12408	2.03	20	3.217	8.4285E-12	0	0	1388.44436
979	-1	-27	27.019	1047.355	0.1312	2.03	20	1.219	9.4212E-12	0	0	3464.80922
980	-1.057	-25.886	25.907	1047.997	0.14812	2.03	20	1	1.2004E-11	0	0	3740.30155
981	-1.057	25.886	25.907	1047.997	0.14812	2.03	20	1	1.2004E-11	0	0	3740.30155
982	-1	27	27.019	1047.355	0.1312	2.03	20	1.219	9.4212E-12	0	0	3464.80922
983	-1	29	29.017	1046.743	0.12408	2.03	20	3.217	8.4285E-12	0	0	1388.44436
984	0.994	-28.989	29.006	1046.395	0.10222	0.73	20	3.206	2.0573E-12	0	0	1693.84622
985	1	-27	27.019	1047.219	0.08983	0.7736	20	1.219	1.6831E-12	0	0	5061.5597
986	1.057	-25.886	25.907	1048.007	0.05023	1.5613	20	1	1.0618E-12	0	0	11029.10807
987	1.057	25.886	25.907	1048.007	0.05023	1.5613	20	1	1.0618E-12	0	0	11029.10807
988	1	27	27.019	1047.219	0.08983	0.7736	20	1.219	1.6831E-12	0	0	5061.5597
989	0.994	28.989	29.006	1046.395	0.10222	0.73	20	3.206	2.0573E-12	0	0	1693.84622
990	2.982	-28.923	29.076	1046.126	0.04873	0.73	20	3.276	4.6759E-13	0	0	3477.18014
991	3	-27	27.166	1046.991	0.03874	0.7477	20	1.366	3.0265E-13	0	0	10467.5941
992	3.102	-25.803	25.989	1047.943	0.02341	1.3619	20	1	2.0114E-13	0	0	23667.36235
993	3.102	25.803	25.989	1047.943	0.02341	1.3619	20	1	2.0114E-13	0	0	23667.36235
994	3	27	27.166	1046.991	0.03874	0.7477	20	1.366	3.0265E-13	0	0	10467.5941
995	2.982	28.923	29.076	1046.126	0.04873	0.73	20	3.276	4.6759E-13	0	0	3477.18014
996	4.964	-28.79	29.215	1045.965	0.02303	0.73	20	3.415	1.0449E-13	0	0	7058.01164
997	5	-27	27.459	1046.69	0.01734	0.7312	20	1.659	5.9289E-14	0	0	19262.24633
998	5.095	-25.643	26.144	1047.793	0.01182	1.1288	20	1	4.2512E-14	0	0	46869.89715
999	5.095	25.643	26.144	1047.793	0.01182	1.1288	20	1	4.2512E-14	0	0	46869.89715
1000	5	27	27.459	1046.69	0.01734	0.7312	20	1.659	5.9289E-14	0	0	19262.24633
1001	4.964	28.79	29.215	1045.965	0.02303	0.73	20	3.415	1.0449E-13	0	0	7058.01164
1002	6.931	-28.591	29.419	1045.862	0.01104	0.73	20	3.619	2.3993E-14	0	0	13902.69357
1003	7	-27	27.893	1046.346	0.00788	0.73	20	2.093	1.2224E-14	0	0	33616.37794
1004	7.08	-25.401	26.369	1047.542	0.00591	0.9728	20	1	9.1669E-15	0	0	93702.46516
1005	7.08	25.401	26.369	1047.542	0.00591	0.9728	20	1	9.1669E-15	0	0	93702.46516
1006	7	27	27.893	1046.346	0.00788	0.73	20	2.093	1.2224E-14	0	0	33616.37794
1007	6.931	28.591	29.419	1045.862	0.01104	0.73	20	3.619	2.3993E-14	0	0	13902.69357
1008	8.829	-28.333	29.677	1045.801	0.00575	0.73	20	3.877	6.5097E-15	0	0	24931.99275
1009	9	-27	28.46	1046.018	0.00362	0.73	20	2.66	2.5808E-15	0	0	57583.45587
1010	9.068	-25.073	26.662	1047.198	0.00287	0.8902	20	1	1.9791E-15	0	0	192909.56186
1011	9.068	25.073	26.662	1047.198	0.00287	0.8902	20	1	1.9791E-15	0	0	192909.56186
1012	9	27	28.46	1046.018	0.00362	0.73	20	2.66	2.5808E-15	0	0	57583.45587
1013	8.829	28.333	29.677	1045.801	0.00575	0.73	20	3.877	6.5097E-15	0	0	24931.99275
1014	10.259	-28.095	29.91	1045.752	0.00192	0.73	20	4.11	7.2954E-16	0	0	70281.16113
1015	10.951	-26.932	29.073	1045.79	0.00188	0.73	20	3.273	6.9444E-16	0	0	90316.63764
1016	11	-25	27.313	1046.655	0.00146	0.7399	20	1.513	4.2563E-16	0	0	250739.29449
1017	11.234	-23.609	26.146	1047.782	0.00097	1.1524	20	1	2.9111E-16	0	0	572269.76672
1018	11.234	23.609	26.146	1047.782	0.00097	1.1524	20	1	2.9111E-16	0	0	572269.76672
1019	11	25	27.313	1046.655	0.00146	0.7399	20	1.513	4.2563E-16	0	0	250739.29449
1020	10.951	26.932	29.073	1045.79	0.00188	0.73	20	3.273	6.9444E-16	0	0	90316.63764
1021	10.259	28.095	29.91	1045.752	0.00192	0.73	20	4.11	7.2954E-16	0	0	70281.16113
1022	12.844	-26.552	29.496	1045.684	0.00112	0.73	20	3.696	2.4718E-16	0	0	134162.05702
1023	13	-25	28.178	1046.082	0.00071	0.73	20	2.378	9.8861E-17	0	0	329051.35314
1024	13.113	-23.105	26.566	1047.3	0.00051	0.9141	20	1	6.3625E-17	0	0	1090239.23825
1025	13.113	23.105	26.566	1047.3	0.00051	0.9141	20	1	6.3625E-17	0	0	1090239.23825
1026	13	25	28.178	1046.082	0.00071	0.73	20	2.378	9.8861E-17	0	0	329051.35314
1027	12.844	26.552	29.496	1045.684	0.00112	0.73	20	3.696	2.4718E-16	0	0	134162.05702
1028	14.325	-26.179	29.842	1045.636	0.00053	0.73	20	4.042	5.4884E-17	0	0	260509.21107
1029	14.943	-24.932	29.067	1045.716	0.00037	0.73	20	3.267	2.6539E-17	0	0	462827.03788
1030	15	-23	27.459	1046.499	0.00027	0.7345	20	1.659	1.4348E-17	0	0	1240971.55762
1031	15.234	-21.406	26.273	1047.646	0.00017	1.0512	20	1	8.1909E-18	0	0	3258471.92644
1032	15.234	21.406	26.273	1047.646	0.00017	1.0512	20	1	8.1909E-18	0	0	3258471.92644
1033	15	23	27.459	1046.499	0.00027	0.7345	20	1.659	1.4348E-17	0	0	1240971.55762
1034	14.943	24.932	29.067	1045.716	0.00037	0.73	20	3.267	2.6539E-17	0	0	462827.03788
1035	14.325	26.179	29.842	1045.636	0.00053	0.73	20	4.042	5.4884E-17	0	0	260509.21107
1036	16.676	-24.466	29.609	1045.58	0.00023	0.73	20	3.809	1.0691E-17	0	0	626109.45334
1037	17	-23	28.601	1045.799	0.00014	0.73	20	2.801	3.8301E-18	0	0	1420174.64419
1038	17.112	-20.647	26.816	1046.941	0.00008	0.8695	20	1.016	1.6685E-18	0	0	6460747.69259
1039	17.112	20.647	26.816	1046.941	0.00008	0.8695	20	1.016	1.6685E-18	0	0	6460747.69259
1040	17	23	28.601	1045.799	0.00014	0.73	20	2.801	3.8301E-18	0	0	1420174.64419
1041	16.676	24.466	29.609	1045.58	0.00023	0.73	20	3.809	1.0691E-17	0	0	626109.45334
1042	18.773	-22.695	29.453	1045.486	0.00008	0.73	20	3.653	1.1555E-18	0	0	1984805.27538
1043	19	-21	28.32	1045.777	0.00005	0.73	20	2.52	4.134E-19	0	0	4803288.89473
1044	19.025	-19.025	26.906	1046.274	0.00003	0.8032	20	1.106	1.8941E-19	0	0	16934678.71681
1045	19.025	19.025	26.906	1046.274	0.00003	0.8032	20	1.106	1.8941E-19	0	0	16934678.71681
1046	19	21	28.32	1045.777	0.00005	0.73	20	2.52	4.134E-19	0	0	4803288.89473
1047	18.773	22.695	29.453	1045.486	0.00008	0.73	20	3.653	1.1555E-18	0	0	1984805.27538
1048	20.132	-22.121	29.91	1045.417	0.00005	0.73	20	4.11	4.2526E-19	0	0	2910401.98246
1049	20.784	-20.784	29.394	1045.43	0.00002	0.73	20	3.594	1.1824E-19	0	0	6307014.42464
1050	21	-19	28.32	1045.777	0.00002	0.73	20	2.52	7.5181E-20	0	0	11263395.08423
1051	20.647	-17.112	26.816	1046.941	0.00002	0.8695	20	1.016	5.8596E-20	0	0	34475562.17721
1052	21.406	-15.234	26.273	1047.645	0.00001	1.0512	20	1	1.4697E-20	0	0	76925119.21382
1053	21.406	15.234	26.273	1047.645	0.00001	1.0512	20	1	1.4697E-20	0	0	76925119.21382
1054	20.647	17.112	26.816	1046.941	0.00002	0.8695	20	1.016	5.8596E-20	0	0	34475562.17721
1055	21	19	28.32	1045.777	0.00002	0.73	20	2.52	7.5181E-20	0	0	11263395.08423
1056	20.784	20.784	29.394	1045.43	0.00002	0.73	20	3.594	1.1824E-19	0	0	6307014.42464
1057	20.132	22.121	29.91	1045.417	0.00005	0.73	20	4.11	4.2526E-19	0	0	2910401.98246
1058	22.121	-20.132	29.91	1045.417	0.00002	0.73	20	4.11	5.6306E-20	0	0	7998388.32696
1059	22.695	-18.773	29.453	1045.486	0.00001	0.73	20	3.653	2.4708E-20	0	0	13573032.60029
1060	23	-17	28.601	1045.798	0.00001	0.73	20	2.801	1.2104E-20	0	0	25262510.01617
1061	23	-15	27.459	1046.498	0	0.7345	20	1.659	4.5013E-21	0	0	70062547.95679
1062	23.105	-13.113	26.566	1047.299	0	0.9141	20	1	1.4064E-21	0	0	231888983.37221
1063	23.609	-11.234	26.146	1047.782	0	1.1524	20	1	2.6906E-22	0	0	595259579.96503
1064	23.609	11.234	26.146	1047.782	0	1.1524	20	1	2.6906E-22	0	0	595259579.96503
1065	23.105	13.113	26.566	1047.299	0	0.9141	20	1	1.4064E-21	0	0	231888983.37221
1066	23	15	27.459	1046.498	0	0.7345	20	1.659	4.5013E-21	0	0	70062547.95679
1067	23	17	28.601	1045.798	0.00001	0.73	20	2.801	1.2104E-20	0	0	25262510.01617
1068	22.695	18.773	29.453	1045.486	0.00001	0.73	20	3.653	2.4708E-20	0	0	13573032.60029
1069	22.121	20.132	29.91	1045.417	0.00002	0.73	20	4.11	5.6306E-20	0	0	7998388.32696
1070	24.466	-16.676	29.609	1045.579	0	0.73	20	3.809	3.2611E-21	0	0	35848697.64628
1071	24.932	-14.943	29.067	1045.714	0	0.73	20	3.267	1.6047E-21	0	0	59520729.73574
1072	25	-13	28.178	1046.079	0	0.73	20	2.378	5.3175E-22	0	0	141880786.4628
1073	25	-11	27.313	1046.65	0	0.7399	20	1.513	1.5846E-22	0	0	410935659.50508
1074	25.073	-9.068	26.662	1047.193	0	0.8902	20	1	3.4121E-23	0	0	1469189556.14902
1075	25.401	-7.08	26.369	1047.536	0	0.9728	20	1	6.2327E-24	0	0	3593568967.64972
1076	25.643	-5.095	26.144	1047.785	0	1.1288	20	1	1.2484E-24	0	0	8649087938.9791
1077	25.803	-3.102	25.989	1047.934	0	1.3619	20	1	4.8575E-25	0	0	15229835151.0868
1078	25.886	-1.057	25.907	1047.997	0	1.5613	20	1	3.5562E-25	0	0	19057998325.2864
1079	25.886	1.057	25.907	1047.997	0	1.5613	20	1	3.5562E-25	0	0	19057998325.2863
1080	25.803	3.102	25.989	1047.934	0	1.3619	20	1	4.8575E-25	0	0	15229835151.0867
1081	25.643	5.095	26.144	1047.785	0	1.1288	20	1	1.2484E-24	0	0	8649087938.97904
1082	25.401	7.08	26.369	1047.536	0	0.9728	20	1	6.2327E-24	0	0	3593568967.64968
1083	25.073	9.068	26.662	1047.193	0	0.8902	20	1	3.4121E-23	0	0	1469189556.14902
1084	25	11	27.313	1046.65	0	0.7399	20	1.513	1.5846E-22	0	0	410935659.50508
1085	25	13	28.178	1046.079	0	0.73	20	2.378	5.3175E-22	0	0	141880786.4628
1086	24.932	14.943	29.067	1045.714	0	0.73	20	3.267	1.6047E-21	0	0	59520729.73574
1087	24.466	16.676	29.609	1045.579	0	0.73	20	3.809	3.2611E-21	0	0	35848697.64628
1088	26.179	-14.325	29.842	1045.632	0	0.73	20	4.042	3.799E-22	0	0	99017500.30142
1089	26.552	-12.844	29.496	1045.679	0	0.73	20	3.696	2.4272E-22	0	0	135390826.98774
1090	26.932	-10.951	29.073	1045.779	0	0.73	20	3.273	7.3595E-23	0	0	277435891.09374
1091	27	-9	28.46	1046	0	0.73	20	2.66	1.8826E-23	0	0	674218593.29393
1092	27	-7	27.893	1046.316	0	0.73	20	2.093	4.4603E-24	0	0	1759872896.50147
1093	27	-5	27.459	1046.64	0	0.7312	20	1.659	1.1297E-24	0	0	4412755290.18987
1094	27	-3	27.166	1046.902	0	0.7477	20	1.366	4.4784E-25	0	0	8605085651.11072
1095	27	-1	27.019	1047.048	0	0.7736	20	1.219	3.366E-25	0	0	11318040465.1949
1096	27	1	27.019	1047.048	0	0.7736	20	1.219	3.366E-25	0	0	11318040465.1949
1097	27	3	27.166	1046.902	0	0.7477	20	1.366	4.4784E-25	0	0	8605085651.11063
1098	27	5	27.459	1046.64	0	0.7312	20	1.659	1.1297E-24	0	0	4412755290.18983
1099	27	7	27.893	1046.316	0	0.73	20	2.093	4.4603E-24	0	0	1759872896.50146
1100	27	9	28.46	1046	0	0.73	20	2.66	1.8826E-23	0	0	674218593.29393
1101	26.932	10.951	29.073	1045.779	0	0.73	20	3.273	7.3595E-23	0	0	277435891.09374
1102	26.552	12.844	29.496	1045.679	0	0.73	20	3.696	2.4272E-22	0	0	135390826.98774
1103	26.179	14.325	29.842	1045.632	0	0.73	20	4.042	3.799E-22	0	0	99017500.30143
1104	28.095	-10.259	29.91	1045.738	0	0.73	20	4.11	1.0153E-23	0	0	595761801.15148
1105	28.333	-8.829	29.677	1045.777	0	0.73	20	3.877	9.4846E-24	0	0	653170865.23016
1106	28.591	-6.931	29.419	1045.812	0	0.73	20	3.619	2.1869E-24	0	0	1456219739.70131
1107	28.79	-4.964	29.215	1045.861	0	0.73	20	3.415	6.1881E-25	0	0	2900220045.32468
1108	28.923	-2.982	29.076	1045.913	0	0.73	20	3.276	2.0179E-25	0	0	5293080317.01119
1109	28.989	-0.994	29.006	1045.948	0	0.73	20	3.206	1.689E-25	0	0	5911554528.54628
1110	28.989	0.994	29.006	1045.948	0	0.73	20	3.206	1.689E-25	0	0	5911554528.54637
1111	28.923	2.982	29.076	1045.913	0	0.73	20	3.276	2.0179E-25	0	0	5293080317.01099
1112	28.79	4.964	29.215	1045.861	0	0.73	20	3.415	6.1881E-25	0	0	2900220045.32469
1113	28.591	6.931	29.419	1045.812	0	0.73	20	3.619	2.1869E-24	0	0	1456219739.7013
1114	28.333	8.829	29.677	1045.777	0	0.73	20	3.877	9.4846E-24	0	0	653170865.23015
1115	28.095	10.259	29.91	1045.738	0	0.73	20	4.11	1.0153E-23	0	0	595761801.1515
